policy,interaction,seed,intensity,target_state,target_inflow_rate,target_social_cost,chain_share,housing_rejection,job_rejection,coorigin_clustering,mover_origin_attachment,peer_colocation,social_utility_index,move_rate
baseline,medium,201,1.0,NY,0.004583333333333333,-0.012681889828036669,0.030303030303030304,0.0,0.19999344139016348,0.16182072511243356,0.12653331683747873,0.16041666666666668,0.33832760400042916,0.03819444444444445
baseline,medium,202,1.0,NY,0.004722222222222222,0.019842663356109375,0.08823529411764706,0.0,0.1996735228059953,0.1646642241447823,0.1493281717593228,0.164375,0.33974857096998307,0.041944444444444444
baseline,medium,203,1.0,NY,0.004861111111111111,-0.03344532200693846,0.08571428571428572,0.02857142857142857,0.2009349967823492,0.1710437347737569,0.11646122296708436,0.16770833333333332,0.34218026068205293,0.03916666666666666
baseline,medium,204,1.0,NY,0.006111111111111111,-0.013817592255803686,0.18181818181818182,0.0,0.1987031745873771,0.16460564448722317,0.1240687756912509,0.17041666666666666,0.3421142351437708,0.04027777777777777
baseline,medium,205,1.0,NY,0.005833333333333334,-0.0385329803139793,0.14285714285714285,0.0,0.20117952040070897,0.1735210165225542,0.12092952227814982,0.17666666666666667,0.3421007172543961,0.041666666666666664
baseline,medium,206,1.0,NY,0.004722222222222222,-0.03394256706636696,0.058823529411764705,0.03225806451612903,0.19799605125011266,0.15736256012922353,0.13178157145326524,0.159375,0.33464604228141726,0.04
baseline,medium,207,1.0,NY,0.00375,0.07884535817178628,0.07407407407407407,0.0,0.19770005507338603,0.1716724467276998,0.19242494104810895,0.1875,0.34872423881766224,0.042222222222222223
baseline,medium,208,1.0,NY,0.005833333333333334,-0.006966084302291806,0.09523809523809523,0.0,0.2009781822903883,0.16058650862820745,0.1278769955966014,0.16791666666666666,0.337844787740432,0.03944444444444444
baseline,strong,201,1.0,NY,0.004027777777777778,-0.03811998966887921,0.034482758620689655,0.0,0.2027217537186706,0.17412874584157137,0.12170157179768269,0.19104166666666667,0.3456187373113484,0.041666666666666664
baseline,strong,202,1.0,NY,0.00625,-0.03270341175122673,0.08888888888888889,0.0,0.19937164970581375,0.17715723888010396,0.11275268763828801,0.183125,0.35231245662561794,0.04583333333333333
baseline,strong,203,1.0,NY,0.0038888888888888888,0.009904727066710944,0.07142857142857142,0.0,0.20045006351992278,0.17675341457222224,0.13929320590046734,0.18583333333333332,0.3487065063554123,0.04513888888888889
baseline,strong,204,1.0,NY,0.005833333333333334,0.018071450410975756,0.19047619047619047,0.0,0.1988414787652296,0.15696236106036573,0.1444024434621698,0.16375,0.33942102763176685,0.04819444444444445
baseline,strong,205,1.0,NY,0.00625,-0.03590327177599527,0.17777777777777778,0.0,0.20174617229874403,0.16848370990360162,0.1236839695630841,0.176875,0.34165767371823297,0.04791666666666666
baseline,strong,206,1.0,NY,0.00625,-0.08475833575265221,0.3333333333333333,0.0,0.20234337736627664,0.17321404076512364,0.09621472974109056,0.17604166666666668,0.34316207533518267,0.05041666666666666
baseline,strong,207,1.0,NY,0.005,-0.006872691010649674,0.027777777777777776,0.02857142857142857,0.1974771193096314,0.18221536939109026,0.12396234035778268,0.18583333333333332,0.35026451086638977,0.03763888888888889
baseline,strong,208,1.0,NY,0.005416666666666667,-0.032830637374379926,0.15384615384615385,0.0,0.2012485550459706,0.163383137604254,0.10062331303999085,0.17041666666666666,0.3400667281311848,0.04402777777777778
baseline,weak,201,1.0,NY,0.0031944444444444446,0.009473127797220482,0.0,0.0,0.19783572875678138,0.15451127919901314,0.1327886730888207,0.15083333333333335,0.332306669777295,0.034305555555555554
baseline,weak,202,1.0,NY,0.005,-0.006932705944520497,0.1388888888888889,0.0,0.20010110784763346,0.15232250891631474,0.1164799692091793,0.15770833333333334,0.3376236186262502,0.03708333333333333
baseline,weak,203,1.0,NY,0.005555555555555556,0.01602380173123378,0.125,0.05555555555555555,0.20106883654765184,0.16307348145519615,0.14997016381676181,0.16,0.3378357051316079,0.037083333333333336
baseline,weak,204,1.0,NY,0.005277777777777778,0.04409185661238441,0.13157894736842105,0.0,0.20141213992820364,0.16570268976953856,0.17203820614125864,0.16833333333333333,0.3416013509676369,0.034444444444444444
baseline,weak,205,1.0,NY,0.004861111111111111,-0.010423713908383715,0.17142857142857143,0.0,0.20132414860083006,0.15774613113021332,0.1486754387881633,0.163125,0.33615919242345965,0.035555555555555556
baseline,weak,206,1.0,NY,0.004166666666666667,-0.02889723071438625,0.2,0.0,0.19938030324753173,0.15612838828167694,0.09980539572434681,0.16458333333333333,0.3345313424437096,0.04
baseline,weak,207,1.0,NY,0.0044444444444444444,0.03710029121483728,0.09375,0.0,0.19940604617179916,0.15266587374027624,0.14046440850748898,0.15666666666666668,0.33463958741994626,0.037916666666666675
baseline,weak,208,1.0,NY,0.0059722222222222225,0.007018710402608451,0.20930232558139536,0.0,0.20101980390318583,0.16085331160783894,0.13312879532926783,0.16395833333333334,0.3348919676605438,0.03597222222222222
combined,medium,201,1.0,NY,0.022222222222222223,-0.09979975162176839,0.43125,0.12578616352201258,0.13011731603336632,0.1899478622407034,0.1257375441418994,0.21270833333333333,0.3608241647818388,0.04972222222222222
combined,medium,202,1.0,NY,0.02361111111111111,-0.1068097858124815,0.4117647058823529,0.10982658959537572,0.11907509436260454,0.1933150420362196,0.11785346390064312,0.21208333333333335,0.37007566704033873,0.0513888888888889
combined,medium,203,1.0,NY,0.02277777777777778,-0.10685142953394824,0.4146341463414634,0.11242603550295859,0.12044828562484156,0.2010075688305807,0.1230974198171992,0.203125,0.3695314780912045,0.04944444444444445
combined,medium,204,1.0,NY,0.025833333333333333,-0.12631899568562985,0.44623655913978494,0.11351351351351352,0.12481751670581187,0.2033319936655384,0.11773263837872566,0.22625,0.3755287805055753,0.05569444444444444
combined,medium,205,1.0,NY,0.023333333333333334,-0.11617241456133968,0.40476190476190477,0.10404624277456648,0.11714822157971905,0.2028791123859952,0.1341401034057695,0.21645833333333334,0.3724182623804187,0.045138888888888895
combined,medium,206,1.0,NY,0.024583333333333332,-0.13763235601566645,0.4689265536723164,0.1092896174863388,0.12340700870573294,0.20239755879220245,0.12308948744303413,0.21395833333333333,0.37131871867755717,0.05375
combined,medium,207,1.0,NY,0.0225,-0.08483586151152007,0.4444444444444444,0.1411764705882353,0.11582224903942549,0.1924886210047638,0.13387242142343675,0.20854166666666665,0.36852213140581647,0.04805555555555555
combined,medium,208,1.0,NY,0.02388888888888889,-0.0911887099848028,0.42441860465116277,0.1340782122905028,0.13366968961475847,0.1858719083000792,0.12971461532007095,0.195,0.3579368175183647,0.04902777777777778
combined,strong,201,1.0,NY,0.027083333333333334,-0.16680414047130687,0.5025641025641026,0.1712962962962963,0.12854771000992818,0.22313724330224327,0.11981563210072019,0.25416666666666665,0.3824791631321429,0.05305555555555556
combined,strong,202,1.0,NY,0.026111111111111113,-0.1367328481071097,0.4734042553191489,0.15422885572139303,0.12290960729545607,0.21269618744772606,0.1154337598067244,0.235,0.3774444540823877,0.053888888888888896
combined,strong,203,1.0,NY,0.02638888888888889,-0.1436006624147034,0.42105263157894735,0.13793103448275862,0.12025866115670854,0.22172083240864726,0.12294654192698626,0.24229166666666666,0.3845952298397304,0.05430555555555556
combined,strong,204,1.0,NY,0.02666666666666667,-0.13346974847929136,0.4635416666666667,0.1619047619047619,0.11585763261993105,0.20367835206732857,0.11636810777009027,0.23479166666666668,0.380537460467411,0.055833333333333325
combined,strong,205,1.0,NY,0.025694444444444443,-0.13281803164506686,0.41081081081081083,0.13,0.11780962409225991,0.21967724343864112,0.11300308908067522,0.24333333333333335,0.3813291277111423,0.05722222222222221
combined,strong,206,1.0,NY,0.02861111111111111,-0.17506830995239087,0.5388349514563107,0.1409090909090909,0.12333332257305012,0.2354099939972896,0.1144106801377002,0.26104166666666667,0.39434856542454866,0.059166666666666666
combined,strong,207,1.0,NY,0.021388888888888888,-0.07742263056714409,0.37012987012987014,0.10126582278481013,0.1165367731418067,0.19336381292400148,0.13669773266395335,0.20708333333333334,0.3686204786072669,0.04583333333333334
combined,strong,208,1.0,NY,0.02347222222222222,-0.12162274132194431,0.47337278106508873,0.14054054054054055,0.13572479022191344,0.19137115102042315,0.10949175700878801,0.216875,0.3678348421151396,0.05013888888888889
combined,weak,201,1.0,NY,0.021388888888888888,-0.10293375455236158,0.2987012987012987,0.09868421052631579,0.12486026845895742,0.183840719877059,0.11936352007365006,0.200625,0.3553592928904173,0.04569444444444445
combined,weak,202,1.0,NY,0.019444444444444445,-0.10586062624013191,0.37142857142857144,0.0948905109489051,0.12564208730956056,0.18086996324876017,0.12668166017413066,0.19520833333333334,0.360229959302754,0.04722222222222222
combined,weak,203,1.0,NY,0.022083333333333333,-0.0995451889191734,0.3836477987421384,0.0472972972972973,0.1198467380849408,0.19189559523946817,0.1324312613809609,0.20604166666666668,0.36812241592873546,0.04708333333333334
combined,weak,204,1.0,NY,0.020833333333333332,-0.06817264077602085,0.34,0.11333333333333333,0.12217376027784739,0.17945513196769244,0.13987451847161037,0.19479166666666667,0.36339455778779933,0.04680555555555555
combined,weak,205,1.0,NY,0.020972222222222222,-0.0966054335050169,0.36423841059602646,0.046052631578947366,0.11581893649406488,0.19507110412815526,0.12845695109523703,0.20458333333333334,0.3684862804407775,0.04666666666666666
combined,weak,206,1.0,NY,0.02125,-0.11382691216046405,0.28104575163398693,0.047619047619047616,0.12322111407468156,0.2031150499932215,0.12192599719475393,0.2275,0.3772198470351033,0.04777777777777778
combined,weak,207,1.0,NY,0.020277777777777777,-0.07361728529044356,0.3835616438356164,0.05755395683453238,0.1160680465594715,0.18203582005493857,0.13057973326168248,0.188125,0.3614684839932643,0.04611111111111111
combined,weak,208,1.0,NY,0.017638888888888888,-0.0623324549119967,0.30708661417322836,0.1297709923664122,0.13078474646862012,0.16847284680939142,0.13464813581950624,0.17145833333333332,0.3469768019800306,0.04541666666666667
employment,medium,201,1.0,NY,0.010277777777777778,-0.07255598030036148,0.22972972972972974,0.0547945205479452,0.12978954843718368,0.16259669082156827,0.125172878352035,0.17104166666666668,0.3402076154447143,0.03791666666666666
employment,medium,202,1.0,NY,0.010277777777777778,-0.027304063768639877,0.20270270270270271,0.17073170731707318,0.12124355249322048,0.15970691491948477,0.14072947049884654,0.178125,0.34474459161502885,0.0425
employment,medium,203,1.0,NY,0.01125,-0.03223210711008321,0.2222222222222222,0.1111111111111111,0.11534353738534085,0.1727310858620691,0.15148662063203033,0.18291666666666667,0.3504766681565143,0.042916666666666665
employment,medium,204,1.0,NY,0.00986111111111111,-0.052117960253046935,0.2535211267605634,0.10810810810810811,0.12111725596053625,0.1657126616472586,0.11255343103035303,0.17270833333333332,0.34791171244548647,0.04041666666666666
employment,medium,205,1.0,NY,0.010416666666666666,-0.033981699211900335,0.30666666666666664,0.1375,0.11941552324352728,0.16866660493164795,0.14448738430594066,0.17395833333333333,0.34237921288081075,0.042222222222222223
employment,medium,206,1.0,NY,0.012638888888888889,-0.09864813758086943,0.3076923076923077,0.05813953488372093,0.12514078452466781,0.16157884452260654,0.10250543163320261,0.17229166666666668,0.3437154263595019,0.045138888888888895
employment,medium,207,1.0,NY,0.01,-0.023478733050395124,0.19444444444444445,0.1,0.11938371083832565,0.16948531255767468,0.13058102056240328,0.18104166666666666,0.348091549606343,0.03722222222222222
employment,medium,208,1.0,NY,0.010555555555555556,-0.042440868805222826,0.19736842105263158,0.0945945945945946,0.13554805411955598,0.16841743845887944,0.12777200528276755,0.16895833333333332,0.3442571080537419,0.04180555555555555
employment,strong,201,1.0,NY,0.012638888888888889,-0.08425637731398064,0.3516483516483517,0.11702127659574468,0.136249089403613,0.17028066526409416,0.11229168975065408,0.18895833333333334,0.34505331987418053,0.04472222222222222
employment,strong,202,1.0,NY,0.012916666666666667,-0.07301476687458872,0.21505376344086022,0.08602150537634409,0.1232053912299782,0.17012721864366834,0.1148303718064328,0.181875,0.3473968901378614,0.04666666666666667
employment,strong,203,1.0,NY,0.012361111111111111,-0.0808844917570547,0.24719101123595505,0.14130434782608695,0.12017557340861218,0.18031434018375878,0.10341433618212692,0.18645833333333334,0.3535906017544788,0.049166666666666664
employment,strong,204,1.0,NY,0.011944444444444445,-0.04288474919800036,0.1744186046511628,0.13186813186813187,0.12490920251029054,0.1691860006310896,0.12159133399501194,0.18520833333333334,0.3494477815522174,0.04736111111111111
employment,strong,205,1.0,NY,0.011527777777777777,-0.07737589817390886,0.20481927710843373,0.13333333333333333,0.1185040406205811,0.17116560133723774,0.1182660990934966,0.17229166666666668,0.3446090181956508,0.04055555555555556
employment,strong,206,1.0,NY,0.01375,-0.08550425807784548,0.2828282828282828,0.06451612903225806,0.12300735839828336,0.16882264118529394,0.12252070813076933,0.18541666666666667,0.3498668423619038,0.05055555555555557
employment,strong,207,1.0,NY,0.009583333333333333,-0.03538580926935439,0.2463768115942029,0.07142857142857142,0.11985750441092642,0.16776334575432067,0.13308712010993573,0.185,0.3494236047030704,0.039861111111111104
employment,strong,208,1.0,NY,0.010694444444444444,-0.010851546882688438,0.19480519480519481,0.16091954022988506,0.14007841321207512,0.1648063200148777,0.1517837779778392,0.17604166666666668,0.34275247974732403,0.04486111111111111
employment,weak,201,1.0,NY,0.00875,-0.03107676918950636,0.23809523809523808,0.06557377049180328,0.12662063770712453,0.162436123375588,0.1464288540827819,0.16208333333333333,0.33734070040940783,0.03527777777777778
employment,weak,202,1.0,NY,0.010833333333333334,-0.04498662460901221,0.16666666666666666,0.11904761904761904,0.12176902196186941,0.16348388981251513,0.1365822927028104,0.16208333333333333,0.3417460991563997,0.03958333333333334
employment,weak,203,1.0,NY,0.008611111111111111,-0.039992331368814776,0.16129032258064516,0.1643835616438356,0.12843560753101466,0.16150018881034886,0.12720640188241486,0.16375,0.3439151277682918,0.04027777777777777
employment,weak,204,1.0,NY,0.01125,-0.018187692678974143,0.24691358024691357,0.125,0.125932858539823,0.15587685587344213,0.1521061379976026,0.160625,0.3394490419448559,0.03944444444444444
employment,weak,205,1.0,NY,0.011111111111111112,-0.07083724279428882,0.2,0.1956521739130435,0.12042895296429214,0.16339387701340655,0.11999784145359438,0.17833333333333334,0.34125722434326744,0.03569444444444445
employment,weak,206,1.0,NY,0.01138888888888889,-0.04700190150583489,0.14634146341463414,0.039473684210526314,0.1254369659873841,0.15842674032469725,0.12290930106977352,0.16270833333333334,0.3398816557682673,0.041666666666666664
employment,weak,207,1.0,NY,0.009027777777777777,0.0038791263535938726,0.13846153846153847,0.14084507042253522,0.11826569491615259,0.1632068205851786,0.162477641491804,0.16479166666666667,0.3408189678256932,0.03652777777777778
employment,weak,208,1.0,NY,0.010138888888888888,-0.01805380648835224,0.136986301369863,0.09722222222222222,0.14006022406937332,0.1589424133869602,0.14052076468379984,0.16645833333333335,0.33953564696002214,0.03819444444444445
housing,medium,201,1.0,NY,0.010138888888888888,-0.03495997281448284,0.1643835616438356,0.015151515151515152,0.19967314951576945,0.1617418772931195,0.14724776475517778,0.170625,0.33999110462406396,0.04041666666666666
housing,medium,202,1.0,NY,0.01,-0.06222523830248593,0.20833333333333334,0.0,0.20050679661186785,0.1626371154866858,0.12169822649711387,0.17541666666666667,0.3480236400317724,0.04583333333333334
housing,medium,203,1.0,NY,0.0125,-0.04213775374755627,0.1111111111111111,0.0,0.19978427791298248,0.17188437653215535,0.1351138020221843,0.17833333333333334,0.34850370987668167,0.04666666666666667
housing,medium,204,1.0,NY,0.013333333333333334,-0.03961273889062366,0.2604166666666667,0.03614457831325301,0.20045198108139686,0.16154075542146218,0.13618533324329782,0.17166666666666666,0.34648229740275016,0.04513888888888889
housing,medium,205,1.0,NY,0.01125,-0.09388042795713505,0.2345679012345679,0.0,0.2004361046346117,0.17838405308843056,0.11358455643160763,0.18791666666666668,0.3527257335770004,0.04305555555555556
housing,medium,206,1.0,NY,0.011666666666666667,-0.050892876593285834,0.23809523809523808,0.012658227848101266,0.20052897162471287,0.16150804459328025,0.13076863368074304,0.17770833333333333,0.3437044549851085,0.043750000000000004
housing,medium,207,1.0,NY,0.009722222222222222,0.0030245853083349377,0.2857142857142857,0.0,0.1994874401186351,0.1608807051038173,0.15309244469869449,0.16645833333333335,0.3410827993162218,0.03875
housing,medium,208,1.0,NY,0.010416666666666666,-0.05121906396174762,0.16,0.0,0.20111837095149068,0.16318678001958473,0.12533343180096126,0.15854166666666666,0.3402424572103976,0.04027777777777778
housing,strong,201,1.0,NY,0.008888888888888889,-0.0871344521569344,0.140625,0.0,0.19919271414977854,0.18414815594158654,0.11349969472311115,0.186875,0.35370173326493654,0.04361111111111112
housing,strong,202,1.0,NY,0.010972222222222222,-0.051126492267125484,0.31645569620253167,0.02702702702702703,0.19874754637054717,0.1708259072467785,0.13006618023784103,0.18208333333333335,0.35112346051054233,0.04763888888888889
housing,strong,203,1.0,NY,0.012222222222222223,-0.09038369044853947,0.18181818181818182,0.024096385542168676,0.19989182542916928,0.1781337418021343,0.10167917572577286,0.19145833333333334,0.3551994152218667,0.04569444444444445
housing,strong,204,1.0,NY,0.012361111111111111,-0.026881842404039118,0.2247191011235955,0.023809523809523808,0.20062655545978458,0.16762327098531127,0.1255859194566634,0.17479166666666668,0.34843596169974345,0.04597222222222222
housing,strong,205,1.0,NY,0.010277777777777778,-0.058464400239598216,0.17567567567567569,0.0,0.19956111642303495,0.18618042348985578,0.11002213008956102,0.19625,0.3544297044272321,0.04583333333333333
housing,strong,206,1.0,NY,0.011805555555555555,-0.06504136930601648,0.17647058823529413,0.0,0.20055436976958294,0.17314725232597936,0.12165702753975555,0.18458333333333332,0.3494169964246663,0.04819444444444445
housing,strong,207,1.0,NY,0.01138888888888889,-0.02972975627823291,0.2804878048780488,0.0136986301369863,0.19825116583835212,0.17578775003322922,0.1330883584506057,0.18708333333333332,0.3496892720166702,0.04083333333333333
housing,strong,208,1.0,NY,0.011111111111111112,-0.03866699355299098,0.2,0.0273972602739726,0.2010264926408856,0.16052947841739845,0.1225096907230581,0.17625,0.34388066449752674,0.04555555555555555
housing,weak,201,1.0,NY,0.011805555555555555,-0.058908954634649804,0.2823529411764706,0.0,0.1988930590332859,0.17306383834092084,0.12545721256507691,0.173125,0.34571154316721203,0.04055555555555556
housing,weak,202,1.0,NY,0.009305555555555555,-0.03572843351597434,0.14925373134328357,0.0,0.20010508152125436,0.1602979176028894,0.1320365562045679,0.15520833333333334,0.3392635910335533,0.043333333333333335
housing,weak,203,1.0,NY,0.011111111111111112,-0.04016652078490103,0.2375,0.0,0.19905560450954426,0.16350649336211556,0.14318348660250277,0.17395833333333333,0.346424944943615,0.04097222222222222
housing,weak,204,1.0,NY,0.009305555555555555,-0.019399015247235217,0.2537313432835821,0.03278688524590164,0.20079464001574868,0.1522631194812416,0.1305355138954229,0.161875,0.33848727236055165,0.03930555555555556
housing,weak,205,1.0,NY,0.00875,-0.014002288291114199,0.1111111111111111,0.0,0.20012423925575792,0.1655073574686038,0.137906168131897,0.161875,0.33924792314729385,0.04125
housing,weak,206,1.0,NY,0.00875,-0.053615342584902206,0.20634920634920634,0.0,0.200042094788921,0.15681025822425468,0.11505397262755836,0.164375,0.33906779273889337,0.04027777777777778
housing,weak,207,1.0,NY,0.009305555555555555,-0.030788183651748926,0.13432835820895522,0.0,0.1991902935822795,0.1611095965195301,0.12235426929078265,0.17270833333333332,0.34313034697161604,0.03708333333333333
housing,weak,208,1.0,NY,0.009583333333333333,-0.02362438836808781,0.17391304347826086,0.03125,0.19946148105969094,0.16284419345382564,0.11454071631718557,0.15604166666666666,0.33668072518456166,0.03819444444444445
