interaction,policy,target_inflow_rate,mover_origin_attachment,social_cost,chain_share,housing_rejection,job_rejection,clustering,peer_colocation,social_utility_index
medium,baseline,0.005052083333333334,0.1361755647039078,-0.005087301780690153,0.09463295419177772,0.0076036866359447,0.19964486807256013,0.1656596075657351,0.16929687499999999,0.34071080711126794
medium,combined,0.02359375,0.12565471172884735,-0.10870116309089463,0.4308046148616787,0.11876785565918797,0.12306317270828253,0.19640495840701033,0.211015625,0.3682695025501393
medium,employment,0.010659722222222221,0.1294110302871974,-0.0478449437600649,0.23929345265890856,0.10437244707031915,0.12337274587529475,0.16611194421514866,0.17513020833333334,0.34522298557026765
medium,housing,0.011128472222222222,0.13287802414122252,-0.046487935869872786,0.2078277622248798,0.00799429016410868,0.20024838655643337,0.16522046344231694,0.17333333333333334,0.34509452462799955
strong,baseline,0.005364583333333333,0.12032928268756951,-0.02540151998201204,0.13475143151867292,0.0035714285714285713,0.20052502121628243,0.1715372522522916,0.17911458333333333,0.34515121449689196
strong,combined,0.025677083333333333,0.11852091256195474,-0.1359423891198697,0.45671388369886823,0.14225955032995644,0.12262226513888175,0.21263185207578755,0.23682291666666666,0.3796486651724712
strong,employment,0.011927083333333333,0.12222317963078333,-0.061269737193427695,0.2396426621640555,0.11330160446129443,0.125748321649295,0.1703082666267926,0.18265625000000002,0.3477675672908359
strong,housing,0.011128472222222222,0.1197635221182961,-0.055928624581684634,0.21203150599166595,0.014503603348709801,0.1997314732601419,0.1745469975302842,0.184921875,0.350734651007898
weak,baseline,0.0048090277777777775,0.13666888132566093,0.008431767148874243,0.1337435916584096,0.006944444444444444,0.20019351437545213,0.15787545801250852,0.16065104166666666,0.33619867930630615
weak,combined,0.02048611111111111,0.12924522218394147,-0.09036178704445112,0.3412137611388583,0.07940024756309888,0.12230196221601802,0.18559452891483583,0.19854166666666667,0.3626572049198602
weak,employment,0.010138888888888888,0.1385286544205727,-0.0332821552851487,0.17934438885443738,0.11839976274394814,0.12586874545962923,0.1609083636477671,0.16510416666666666,0.3404930580220257
weak,housing,0.009739583333333333,0.12763348695437426,-0.03452914088482669,0.19356746686885873,0.008004610655737706,0.19970831172081033,0.1619253468066727,0.16489583333333332,0.3410017674434121
