home_local,network_home_bias,seed,coorigin_clustering,peer_colocation,move_rate
False,False,501,0.15853182930037193,0.16770833333333332,0.043222222222222224
False,False,502,0.17167023467766374,0.16895833333333332,0.03911111111111111
False,False,503,0.1604237821856,0.16458333333333333,0.04055555555555555
False,False,504,0.16017760322251737,0.175,0.04355555555555555
False,True,501,0.164689241924269,0.16666666666666666,0.043000000000000003
False,True,502,0.17594820972142608,0.18083333333333335,0.039
False,True,503,0.15833371036932348,0.16875,0.042333333333333334
False,True,504,0.15757382109100684,0.16020833333333334,0.04211111111111111
True,False,501,0.5806865340451708,0.16291666666666665,0.036555555555555556
True,False,502,0.5816512757646277,0.17895833333333333,0.034888888888888886
True,False,503,0.5334894103218912,0.165,0.03511111111111111
True,False,504,0.5831380973590639,0.17541666666666667,0.03422222222222222
True,True,501,0.6295962301932987,0.36604166666666665,0.035888888888888894
True,True,502,0.6181316223042927,0.3616666666666667,0.03244444444444444
True,True,503,0.63902372644711,0.36791666666666667,0.02966666666666667
True,True,504,0.6193893119956241,0.37666666666666665,0.03544444444444445
