policy,metric,strong_minus_weak_policy_effect,ci95_half_width
housing,d_target_inflow_rate,0.0008333333333333336,0.0017389434363132867
housing,d_target_social_cost,0.012433803434028341,0.025499520045450013
housing,d_target_chain_share,0.017456199262543926,0.12843118581560117
housing,d_coorigin_clustering,-0.0010401435161716231,0.010920849065619527
employment,d_target_inflow_rate,0.0012326388888888886,0.0017160171308287543
employment,d_target_social_cost,0.00584570522260728,0.019657158527736224
employment,d_target_chain_share,0.05929043344935481,0.08216010293014124
employment,d_coorigin_clustering,-0.004261891260757572,0.012343993431335874
combined,d_target_inflow_rate,0.004635416666666668,0.0015700714173131202
combined,d_target_social_cost,-0.011747314944532284,0.020731065332179263
combined,d_target_chain_share,0.1144922826997466,0.05326149656862628
combined,d_coorigin_clustering,0.01337552892116865,0.012330476826254553
