network_homophily_share,scenario,seed,clustering,peer_colocation,target_inflow,chain_share,move_rate
0.0,baseline,501,0.1638102007128007,0.17145833333333332,0.005416666666666667,0.1282051282051282,0.04416666666666667
0.0,baseline,502,0.16533647442664823,0.16375,0.004027777777777778,0.06896551724137931,0.0375
0.0,baseline,503,0.16391456859889006,0.168125,0.00375,0.14814814814814814,0.03944444444444444
0.0,baseline,504,0.1626286819488618,0.17375,0.005694444444444445,0.12195121951219512,0.04291666666666666
0.0,combined,501,0.1770302546196207,0.18208333333333335,0.021805555555555557,0.3821656050955414,0.04944444444444444
0.0,combined,502,0.1881496354870968,0.20416666666666666,0.02388888888888889,0.4476744186046512,0.049999999999999996
0.0,combined,503,0.19549383235257675,0.211875,0.021805555555555557,0.36942675159235666,0.04958333333333333
0.0,combined,504,0.20147525820718487,0.22729166666666667,0.025,0.4777777777777778,0.04972222222222222
0.5,baseline,501,0.17066741475425626,0.175625,0.0044444444444444444,0.15625,0.044583333333333336
0.5,baseline,502,0.164308801046367,0.16375,0.004861111111111111,0.14285714285714285,0.03819444444444445
0.5,baseline,503,0.1656914723964729,0.166875,0.005416666666666667,0.1794871794871795,0.03972222222222222
0.5,baseline,504,0.1574326140865546,0.15645833333333334,0.007083333333333333,0.2549019607843137,0.042222222222222223
0.5,combined,501,0.19181963040615693,0.216875,0.02388888888888889,0.43023255813953487,0.05319444444444444
0.5,combined,502,0.19376441636994676,0.21229166666666666,0.02361111111111111,0.4470588235294118,0.04916666666666667
0.5,combined,503,0.19042275338890427,0.21333333333333335,0.02125,0.43137254901960786,0.04527777777777778
0.5,combined,504,0.20875972706206425,0.22125,0.02625,0.4126984126984127,0.052222222222222225
