network_decay,policy,interaction,seed,target_inflow_rate,chain_share,target_social_cost,housing_rejection,coorigin_clustering,peer_colocation,move_rate,same_state_contact_share,recalibrated,beta_current_state
0.0,baseline,weak,201,0.0031944444444444,0.0,0.0094731277972204,0.0,0.1545112791990131,0.1508333333333333,0.0343055555555555,0.1508333333333333,False,3.925
0.0,baseline,weak,202,0.005,0.1388888888888889,-0.0069327059445204,0.0,0.1523225089163147,0.1577083333333333,0.0370833333333333,0.1577083333333333,False,3.925
0.0,baseline,weak,203,0.0055555555555555,0.125,0.0160238017312337,0.0555555555555555,0.1630734814551961,0.16,0.0370833333333333,0.16,False,3.925
0.0,baseline,weak,204,0.0052777777777777,0.131578947368421,0.0440918566123844,0.0,0.1657026897695385,0.1683333333333333,0.0344444444444444,0.1683333333333333,False,3.925
0.0,baseline,weak,205,0.0048611111111111,0.1714285714285714,-0.0104237139083837,0.0,0.1577461311302133,0.163125,0.0355555555555555,0.163125,False,3.925
0.0,baseline,weak,206,0.0041666666666666,0.2,-0.0288972307143862,0.0,0.1561283882816769,0.1645833333333333,0.04,0.1645833333333333,False,3.925
0.0,baseline,weak,207,0.0044444444444444,0.09375,0.0371002912148372,0.0,0.1526658737402762,0.1566666666666666,0.0379166666666666,0.1566666666666666,False,3.925
0.0,baseline,weak,208,0.0059722222222222,0.2093023255813953,0.0070187104026084,0.0,0.1608533116078389,0.1639583333333333,0.0359722222222222,0.1639583333333333,False,3.925
0.0,baseline,medium,201,0.0045833333333333,0.0303030303030303,-0.0126818898280366,0.0,0.1618207251124335,0.1604166666666666,0.0381944444444444,0.1604166666666666,False,3.925
0.0,baseline,medium,202,0.0047222222222222,0.088235294117647,0.0198426633561093,0.0,0.1646642241447823,0.164375,0.0419444444444444,0.164375,False,3.925
0.0,baseline,medium,203,0.0048611111111111,0.0857142857142857,-0.0334453220069384,0.0285714285714285,0.1710437347737569,0.1677083333333333,0.0391666666666666,0.1677083333333333,False,3.925
0.0,baseline,medium,204,0.0061111111111111,0.1818181818181818,-0.0138175922558036,0.0,0.1646056444872231,0.1704166666666666,0.0402777777777777,0.1704166666666666,False,3.925
0.0,baseline,medium,205,0.0058333333333333,0.1428571428571428,-0.0385329803139793,0.0,0.1735210165225542,0.1766666666666666,0.0416666666666666,0.1766666666666666,False,3.925
0.0,baseline,medium,206,0.0047222222222222,0.0588235294117647,-0.0339425670663669,0.032258064516129,0.1573625601292235,0.159375,0.04,0.159375,False,3.925
0.0,baseline,medium,207,0.00375,0.074074074074074,0.0788453581717862,0.0,0.1716724467276998,0.1875,0.0422222222222222,0.1875,False,3.925
0.0,baseline,medium,208,0.0058333333333333,0.0952380952380952,-0.0069660843022918,0.0,0.1605865086282074,0.1679166666666666,0.0394444444444444,0.1679166666666666,False,3.925
0.0,baseline,strong,201,0.0040277777777777,0.0344827586206896,-0.0381199896688792,0.0,0.1741287458415713,0.1910416666666666,0.0416666666666666,0.1910416666666666,False,3.925
0.0,baseline,strong,202,0.00625,0.0888888888888888,-0.0327034117512267,0.0,0.1771572388801039,0.183125,0.0458333333333333,0.183125,False,3.925
0.0,baseline,strong,203,0.0038888888888888,0.0714285714285714,0.0099047270667109,0.0,0.1767534145722222,0.1858333333333333,0.0451388888888888,0.1858333333333333,False,3.925
0.0,baseline,strong,204,0.0058333333333333,0.1904761904761904,0.0180714504109757,0.0,0.1569623610603657,0.16375,0.0481944444444444,0.16375,False,3.925
0.0,baseline,strong,205,0.00625,0.1777777777777777,-0.0359032717759952,0.0,0.1684837099036016,0.176875,0.0479166666666666,0.176875,False,3.925
0.0,baseline,strong,206,0.00625,0.3333333333333333,-0.0847583357526522,0.0,0.1732140407651236,0.1760416666666666,0.0504166666666666,0.1760416666666666,False,3.925
0.0,baseline,strong,207,0.005,0.0277777777777777,-0.0068726910106496,0.0285714285714285,0.1822153693910902,0.1858333333333333,0.0376388888888888,0.1858333333333333,False,3.925
0.0,baseline,strong,208,0.0054166666666666,0.1538461538461538,-0.0328306373743799,0.0,0.163383137604254,0.1704166666666666,0.0440277777777777,0.1704166666666666,False,3.925
0.0,combined,weak,201,0.0213888888888888,0.2987012987012987,-0.1029337545523615,0.0986842105263157,0.183840719877059,0.200625,0.0456944444444444,0.200625,False,3.925
0.0,combined,weak,202,0.0194444444444444,0.3714285714285714,-0.1058606262401319,0.0948905109489051,0.1808699632487601,0.1952083333333333,0.0472222222222222,0.1952083333333333,False,3.925
0.0,combined,weak,203,0.0220833333333333,0.3836477987421384,-0.0995451889191734,0.0472972972972973,0.1918955952394681,0.2060416666666666,0.0470833333333333,0.2060416666666666,False,3.925
0.0,combined,weak,204,0.0208333333333333,0.34,-0.0681726407760208,0.1133333333333333,0.1794551319676924,0.1947916666666666,0.0468055555555555,0.1947916666666666,False,3.925
0.0,combined,weak,205,0.0209722222222222,0.3642384105960264,-0.0966054335050169,0.0460526315789473,0.1950711041281552,0.2045833333333333,0.0466666666666666,0.2045833333333333,False,3.925
0.0,combined,weak,206,0.02125,0.2810457516339869,-0.113826912160464,0.0476190476190476,0.2031150499932215,0.2275,0.0477777777777777,0.2275,False,3.925
0.0,combined,weak,207,0.0202777777777777,0.3835616438356164,-0.0736172852904435,0.0575539568345323,0.1820358200549385,0.188125,0.0461111111111111,0.188125,False,3.925
0.0,combined,weak,208,0.0176388888888888,0.3070866141732283,-0.0623324549119967,0.1297709923664122,0.1684728468093914,0.1714583333333333,0.0454166666666666,0.1714583333333333,False,3.925
0.0,combined,medium,201,0.0222222222222222,0.43125,-0.0997997516217683,0.1257861635220125,0.1899478622407034,0.2127083333333333,0.0497222222222222,0.2127083333333333,False,3.925
0.0,combined,medium,202,0.0236111111111111,0.4117647058823529,-0.1068097858124815,0.1098265895953757,0.1933150420362196,0.2120833333333333,0.0513888888888889,0.2120833333333333,False,3.925
0.0,combined,medium,203,0.0227777777777777,0.4146341463414634,-0.1068514295339482,0.1124260355029585,0.2010075688305807,0.203125,0.0494444444444444,0.203125,False,3.925
0.0,combined,medium,204,0.0258333333333333,0.4462365591397849,-0.1263189956856298,0.1135135135135135,0.2033319936655384,0.22625,0.0556944444444444,0.22625,False,3.925
0.0,combined,medium,205,0.0233333333333333,0.4047619047619047,-0.1161724145613396,0.1040462427745664,0.2028791123859952,0.2164583333333333,0.0451388888888888,0.2164583333333333,False,3.925
0.0,combined,medium,206,0.0245833333333333,0.4689265536723164,-0.1376323560156664,0.1092896174863388,0.2023975587922024,0.2139583333333333,0.05375,0.2139583333333333,False,3.925
0.0,combined,medium,207,0.0225,0.4444444444444444,-0.08483586151152,0.1411764705882353,0.1924886210047638,0.2085416666666666,0.0480555555555555,0.2085416666666666,False,3.925
0.0,combined,medium,208,0.0238888888888888,0.4244186046511627,-0.0911887099848028,0.1340782122905028,0.1858719083000792,0.195,0.0490277777777777,0.195,False,3.925
0.0,combined,strong,201,0.0270833333333333,0.5025641025641026,-0.1668041404713068,0.1712962962962963,0.2231372433022432,0.2541666666666666,0.0530555555555555,0.2541666666666666,False,3.925
0.0,combined,strong,202,0.0261111111111111,0.4734042553191489,-0.1367328481071097,0.154228855721393,0.212696187447726,0.235,0.0538888888888888,0.235,False,3.925
0.0,combined,strong,203,0.0263888888888888,0.4210526315789473,-0.1436006624147034,0.1379310344827586,0.2217208324086472,0.2422916666666666,0.0543055555555555,0.2422916666666666,False,3.925
0.0,combined,strong,204,0.0266666666666666,0.4635416666666667,-0.1334697484792913,0.1619047619047619,0.2036783520673285,0.2347916666666666,0.0558333333333333,0.2347916666666666,False,3.925
0.0,combined,strong,205,0.0256944444444444,0.4108108108108108,-0.1328180316450668,0.13,0.2196772434386411,0.2433333333333333,0.0572222222222222,0.2433333333333333,False,3.925
0.0,combined,strong,206,0.0286111111111111,0.5388349514563107,-0.1750683099523908,0.1409090909090909,0.2354099939972896,0.2610416666666666,0.0591666666666666,0.2610416666666666,False,3.925
0.0,combined,strong,207,0.0213888888888888,0.3701298701298701,-0.077422630567144,0.1012658227848101,0.1933638129240014,0.2070833333333333,0.0458333333333333,0.2070833333333333,False,3.925
0.0,combined,strong,208,0.0234722222222222,0.4733727810650887,-0.1216227413219443,0.1405405405405405,0.1913711510204231,0.216875,0.0501388888888888,0.216875,False,3.925
2.0,baseline,weak,201,0.0038888888888888,0.0357142857142857,0.0950658180736887,0.0,0.1741591403986969,0.3245833333333333,0.0302777777777777,0.3245833333333333,False,3.925
2.0,baseline,weak,202,0.0047222222222222,0.1176470588235294,-0.0259830298494116,0.0,0.1647181825420431,0.3035416666666666,0.0358333333333333,0.3035416666666666,False,3.925
2.0,baseline,weak,203,0.0031944444444444,0.1739130434782608,0.1314288690219844,0.0,0.1709887607655918,0.3152083333333333,0.0315277777777777,0.3152083333333333,False,3.925
2.0,baseline,weak,204,0.0045833333333333,0.1212121212121212,0.1180367216521045,0.0,0.1507856341900967,0.2795833333333333,0.03375,0.2795833333333333,False,3.925
2.0,baseline,weak,205,0.0047222222222222,0.088235294117647,0.0097056018865945,0.03125,0.1593059457278318,0.2960416666666666,0.0326388888888888,0.2960416666666666,False,3.925
2.0,baseline,weak,206,0.0043055555555555,0.064516129032258,0.0696160381982259,0.0,0.1562499562098855,0.2754166666666666,0.0358333333333333,0.2754166666666666,False,3.925
2.0,baseline,weak,207,0.0036111111111111,0.0769230769230769,0.1071511669989758,0.0,0.1584161070267351,0.29625,0.0308333333333333,0.29625,False,3.925
2.0,baseline,weak,208,0.0051388888888888,0.081081081081081,0.0652555382356779,0.0,0.1675438203038154,0.3114583333333333,0.0333333333333333,0.3114583333333333,False,3.925
2.0,baseline,medium,201,0.0036111111111111,0.0,0.0225186191585673,0.0,0.1742869174040117,0.3379166666666666,0.0287499999999999,0.3379166666666666,False,3.925
2.0,baseline,medium,202,0.0051388888888888,0.027027027027027,0.0094253445366539,0.03125,0.1652445875981427,0.3039583333333333,0.0333333333333333,0.3039583333333333,False,3.925
2.0,baseline,medium,203,0.0047222222222222,0.1764705882352941,-0.0006764959533583,0.0,0.1834789712191894,0.35375,0.0315277777777777,0.35375,False,3.925
2.0,baseline,medium,204,0.00375,0.037037037037037,-0.0275421315220779,0.0,0.1614300776080317,0.3058333333333333,0.0305555555555555,0.3058333333333333,False,3.925
2.0,baseline,medium,205,0.0031944444444444,0.0869565217391304,0.0964878275546004,0.0,0.1708550310672321,0.3154166666666667,0.0340277777777777,0.3154166666666667,False,3.925
2.0,baseline,medium,206,0.0043055555555555,0.032258064516129,0.0617540093899501,0.0,0.1628658376848418,0.3183333333333333,0.0377777777777777,0.3183333333333333,False,3.925
2.0,baseline,medium,207,0.0034722222222222,0.08,0.0277688865015671,0.0,0.1662904072462352,0.3310416666666667,0.0287499999999999,0.3310416666666667,False,3.925
2.0,baseline,medium,208,0.0051388888888888,0.1621621621621621,0.124400682606559,0.0285714285714285,0.1624621495447391,0.29375,0.0311111111111111,0.29375,False,3.925
2.0,baseline,strong,201,0.0044444444444444,0.15625,0.0003027855688769,0.0333333333333333,0.1728993135089135,0.33625,0.0291666666666666,0.33625,False,3.925
2.0,baseline,strong,202,0.0045833333333333,0.0909090909090909,-0.0547865043520027,0.0,0.1743356094027979,0.3066666666666666,0.0358333333333333,0.3066666666666666,False,3.925
2.0,baseline,strong,203,0.0036111111111111,0.1153846153846153,0.0169712533623367,0.0,0.1908275783656649,0.3520833333333333,0.0334722222222222,0.3520833333333333,False,3.925
2.0,baseline,strong,204,0.0041666666666666,0.0333333333333333,0.0316702789670055,0.0,0.174542664362627,0.319375,0.0331944444444444,0.319375,False,3.925
2.0,baseline,strong,205,0.0038888888888888,0.1071428571428571,0.0426959792948951,0.0,0.1861125143808725,0.3191666666666666,0.0336111111111111,0.3191666666666666,False,3.925
2.0,baseline,strong,206,0.0044444444444444,0.0625,-0.0010683596606703,0.0,0.1593071425047423,0.2966666666666667,0.0345833333333333,0.2966666666666667,False,3.925
2.0,baseline,strong,207,0.0052777777777777,0.1578947368421052,0.0009063235444078,0.0285714285714285,0.1709565612116926,0.3427083333333333,0.0298611111111111,0.3427083333333333,False,3.925
2.0,baseline,strong,208,0.0044444444444444,0.0625,-0.0173295216558953,0.0,0.174554924051391,0.3241666666666666,0.0334722222222222,0.3241666666666666,False,3.925
2.0,combined,weak,201,0.0173611111111111,0.368,-0.0135188102858534,0.0483870967741935,0.1792028999666659,0.3279166666666667,0.0395833333333333,0.3279166666666667,False,3.925
2.0,combined,weak,202,0.0205555555555555,0.3378378378378378,-0.0566189372230397,0.0866666666666666,0.1836836914824946,0.3339583333333333,0.0447222222222222,0.3339583333333333,False,3.925
2.0,combined,weak,203,0.0180555555555555,0.3769230769230769,0.0018627353744453,0.0708661417322834,0.1879915590009497,0.31875,0.0415277777777777,0.31875,False,3.925
2.0,combined,weak,204,0.0193055555555555,0.4100719424460431,-0.0441077626341203,0.0610687022900763,0.1736014354207505,0.3202083333333333,0.0443055555555555,0.3202083333333333,False,3.925
2.0,combined,weak,205,0.0175,0.2777777777777778,-0.023544888655591,0.0655737704918032,0.1884974819463122,0.3245833333333333,0.0393055555555555,0.3245833333333333,False,3.925
2.0,combined,weak,206,0.0222222222222222,0.38125,-0.0447188737039018,0.0728476821192053,0.1970436997732324,0.3335416666666667,0.04375,0.3335416666666667,False,3.925
2.0,combined,weak,207,0.0166666666666666,0.3166666666666666,0.0245881536541336,0.1056910569105691,0.1692576065494397,0.3089583333333333,0.03875,0.3089583333333333,False,3.925
2.0,combined,weak,208,0.0172222222222222,0.282258064516129,0.0261215048595597,0.1076923076923077,0.1681375301808645,0.29875,0.0384722222222222,0.29875,False,3.925
2.0,combined,medium,201,0.0161111111111111,0.2844827586206896,-0.0393833885873576,0.0521739130434782,0.1883286914717722,0.3447916666666666,0.0354166666666666,0.3447916666666666,False,3.925
2.0,combined,medium,202,0.0183333333333333,0.3484848484848485,-0.0696960042468613,0.024390243902439,0.1809603943320157,0.3358333333333333,0.0388888888888888,0.3358333333333333,False,3.925
2.0,combined,medium,203,0.0181944444444444,0.3740458015267175,-0.0259065017804424,0.064,0.1965888800492218,0.3497916666666666,0.04125,0.3497916666666666,False,3.925
2.0,combined,medium,204,0.0181944444444444,0.3740458015267175,-0.0542244763643117,0.078125,0.181208366007274,0.3397916666666666,0.0420833333333333,0.3397916666666666,False,3.925
2.0,combined,medium,205,0.0219444444444444,0.4367088607594936,-0.0926512185948315,0.1158536585365853,0.2117569861540532,0.3639583333333333,0.0413888888888888,0.3639583333333333,False,3.925
2.0,combined,medium,206,0.0223611111111111,0.4099378881987577,-0.0786211050867706,0.0828025477707006,0.2010089303795145,0.3241666666666666,0.0441666666666666,0.3241666666666666,False,3.925
2.0,combined,medium,207,0.0198611111111111,0.4195804195804196,-0.0332757598416375,0.1164383561643835,0.182893031536185,0.3372916666666666,0.0406944444444444,0.3372916666666666,False,3.925
2.0,combined,medium,208,0.01875,0.3703703703703703,-0.0417870235609456,0.1159420289855072,0.1852767463136792,0.3335416666666667,0.0418055555555555,0.3335416666666667,False,3.925
2.0,combined,strong,201,0.0173611111111111,0.392,-0.0801945948931204,0.08,0.1933033962987812,0.3552083333333333,0.0398611111111111,0.3552083333333333,False,3.925
2.0,combined,strong,202,0.0180555555555555,0.3538461538461538,-0.1058573764965015,0.1167883211678832,0.199324800696025,0.3404166666666666,0.0399999999999999,0.3404166666666666,False,3.925
2.0,combined,strong,203,0.0230555555555555,0.4397590361445783,-0.1027690565499261,0.0727272727272727,0.2201797594883408,0.3820833333333333,0.0445833333333333,0.3820833333333333,False,3.925
2.0,combined,strong,204,0.0198611111111111,0.3986013986013986,-0.0421109863816847,0.1625,0.1938931866328991,0.3425,0.0433333333333333,0.3425,False,3.925
2.0,combined,strong,205,0.0226388888888888,0.4171779141104294,-0.0856241795869705,0.1387283236994219,0.215043561061244,0.3572916666666667,0.0430555555555555,0.3572916666666667,False,3.925
2.0,combined,strong,206,0.0259722222222222,0.5454545454545454,-0.1423588958873584,0.0514285714285714,0.2406796303142397,0.38375,0.0480555555555555,0.38375,False,3.925
2.0,combined,strong,207,0.0190277777777777,0.4014598540145985,-0.0623772381959073,0.1071428571428571,0.1980332056447721,0.3672916666666667,0.0384722222222222,0.3672916666666667,False,3.925
2.0,combined,strong,208,0.0179166666666666,0.3875968992248062,-0.0311053990580347,0.1532846715328467,0.1828456567923493,0.3197916666666666,0.0377777777777777,0.3197916666666666,False,3.925
5.0,baseline,weak,201,0.0030555555555555,0.0454545454545454,0.1501383230667343,0.0,0.1636845423787382,0.4977083333333333,0.0263888888888888,0.4977083333333333,False,3.925
5.0,baseline,weak,202,0.0040277777777777,0.0689655172413793,0.1130912913074226,0.0384615384615384,0.1641388269742449,0.5297916666666667,0.0265277777777777,0.5297916666666667,False,3.925
5.0,baseline,weak,203,0.0026388888888888,0.0,0.2108792557702034,0.0,0.1634376921726996,0.5439583333333333,0.0245833333333333,0.5439583333333333,False,3.925
5.0,baseline,weak,204,0.0036111111111111,0.0384615384615384,0.1902031660641923,0.0,0.1597333872734153,0.4927083333333333,0.0270833333333333,0.4927083333333333,False,3.925
5.0,baseline,weak,205,0.0043055555555555,0.0967741935483871,0.2678286576193154,0.0,0.1625033585440485,0.5077083333333333,0.0266666666666666,0.5077083333333333,False,3.925
5.0,baseline,weak,206,0.0030555555555555,0.1818181818181818,0.1115594264267519,0.0,0.1544684187715214,0.48,0.0301388888888888,0.48,False,3.925
5.0,baseline,weak,207,0.0033333333333333,0.0,0.2128859111240774,0.0,0.1552863019483744,0.4954166666666666,0.0248611111111111,0.4954166666666666,False,3.925
5.0,baseline,weak,208,0.0027777777777777,0.1,0.1141066602738749,0.0,0.1627023481185422,0.50625,0.0261111111111111,0.50625,False,3.925
5.0,baseline,medium,201,0.0023611111111111,0.0,0.0556067199496679,0.0,0.1697598373338498,0.520625,0.0220833333333333,0.520625,False,3.925
5.0,baseline,medium,202,0.0040277777777777,0.0689655172413793,0.1010640946350185,0.0,0.1638012685544379,0.5154166666666666,0.0227777777777777,0.5154166666666666,False,3.925
5.0,baseline,medium,203,0.0022222222222222,0.0625,0.0305965684363187,0.0,0.1767354548593274,0.55875,0.0243055555555555,0.55875,False,3.925
5.0,baseline,medium,204,0.0026388888888888,0.0,0.1814530421700964,0.0,0.1557767348642453,0.5264583333333334,0.0218055555555555,0.5264583333333334,False,3.925
5.0,baseline,medium,205,0.0015277777777777,0.0909090909090909,0.1055268170220553,0.0,0.1742280048919109,0.5547916666666667,0.0204166666666666,0.5547916666666667,False,3.925
5.0,baseline,medium,206,0.0020833333333333,0.0,0.2094887581417199,0.0,0.1651977244936784,0.52125,0.0234722222222222,0.52125,False,3.925
5.0,baseline,medium,207,0.0025,0.0555555555555555,0.0536161900592355,0.0,0.1718391085964118,0.5439583333333333,0.0238888888888888,0.5439583333333333,False,3.925
5.0,baseline,medium,208,0.0036111111111111,0.1153846153846153,0.2032215049275653,0.0,0.1624273484337471,0.5308333333333334,0.0218055555555555,0.5308333333333334,False,3.925
5.0,baseline,strong,201,0.0027777777777777,0.1,0.0990542232546077,0.0,0.1710918798189318,0.5810416666666667,0.0176388888888888,0.5810416666666667,False,3.925
5.0,baseline,strong,202,0.0018055555555555,0.0,0.0642003566579237,0.0,0.1683893728995121,0.5595833333333333,0.0186111111111111,0.5595833333333333,False,3.925
5.0,baseline,strong,203,0.0029166666666666,0.0952380952380952,-0.0029603353887794,0.0,0.175492138295533,0.5695833333333333,0.0241666666666666,0.5695833333333333,False,3.925
5.0,baseline,strong,204,0.0036111111111111,0.0,0.1238631242495176,0.0,0.1652084515824681,0.555625,0.0215277777777777,0.555625,False,3.925
5.0,baseline,strong,205,0.0023611111111111,0.1176470588235294,0.1657735956067069,0.0,0.1782129695443677,0.5739583333333333,0.0204166666666666,0.5739583333333333,False,3.925
5.0,baseline,strong,206,0.0030555555555555,0.0909090909090909,0.0421879483155258,0.0,0.1700915531272079,0.56125,0.0231944444444444,0.56125,False,3.925
5.0,baseline,strong,207,0.0036111111111111,0.1153846153846153,0.1138505443363233,0.0,0.1716436251721736,0.5683333333333334,0.0191666666666666,0.5683333333333334,False,3.925
5.0,baseline,strong,208,0.0027777777777777,0.0,0.1019464254947897,0.0526315789473684,0.1630411010052933,0.5327083333333333,0.0208333333333333,0.5327083333333333,False,3.925
5.0,combined,weak,201,0.0133333333333333,0.3645833333333333,0.106034897964492,0.0333333333333333,0.1728367353940525,0.4983333333333333,0.03375,0.4983333333333333,False,3.925
5.0,combined,weak,202,0.0152777777777777,0.3181818181818182,0.0487759235632354,0.0294117647058823,0.173791493641858,0.4777083333333333,0.0351388888888888,0.4777083333333333,False,3.925
5.0,combined,weak,203,0.0158333333333333,0.4210526315789473,0.1502463449601571,0.0892857142857142,0.182436942402437,0.5125,0.0352777777777777,0.5125,False,3.925
5.0,combined,weak,204,0.0165277777777777,0.3361344537815126,0.0781748274424453,0.1083333333333333,0.1737388763821294,0.4916666666666666,0.0370833333333333,0.4916666666666666,False,3.925
5.0,combined,weak,205,0.0186111111111111,0.4328358208955223,0.0268351225195836,0.0692307692307692,0.1818154972032301,0.505,0.0383333333333333,0.505,False,3.925
5.0,combined,weak,206,0.0190277777777777,0.291970802919708,0.0781977107006796,0.0317460317460317,0.196121744518868,0.5052083333333334,0.0372222222222222,0.5052083333333334,False,3.925
5.0,combined,weak,207,0.0168055555555555,0.3388429752066115,0.0661355763005791,0.0260869565217391,0.1770906809640156,0.51375,0.0333333333333333,0.51375,False,3.925
5.0,combined,weak,208,0.0140277777777777,0.2574257425742574,0.123929324579276,0.0416666666666666,0.1671195822196095,0.5008333333333334,0.03125,0.5008333333333334,False,3.925
5.0,combined,medium,201,0.0134722222222222,0.268041237113402,0.0365780778341169,0.0707070707070707,0.1840728428769721,0.550625,0.0297222222222222,0.550625,False,3.925
5.0,combined,medium,202,0.01625,0.3333333333333333,0.0393844841523206,0.0454545454545454,0.1753052318535032,0.54,0.0338888888888888,0.54,False,3.925
5.0,combined,medium,203,0.0175,0.3968253968253968,0.0317785946236328,0.0263157894736842,0.1993884943830093,0.566875,0.0333333333333333,0.566875,False,3.925
5.0,combined,medium,204,0.0161111111111111,0.3706896551724138,0.0230634377483863,0.0181818181818181,0.1828979788420195,0.5395833333333333,0.0334722222222222,0.5395833333333333,False,3.925
5.0,combined,medium,205,0.0173611111111111,0.312,0.0127687679037894,0.0086206896551724,0.1998368274985112,0.5702083333333333,0.0344444444444444,0.5702083333333333,False,3.925
5.0,combined,medium,206,0.0158333333333333,0.3421052631578947,0.0366999137015397,0.0373831775700934,0.1907497967535251,0.523125,0.03375,0.523125,False,3.925
5.0,combined,medium,207,0.0138888888888888,0.31,0.0496375132050743,0.0425531914893617,0.1749474790722323,0.5441666666666667,0.0291666666666666,0.5441666666666667,False,3.925
5.0,combined,medium,208,0.0145833333333333,0.4952380952380952,0.0356778501430489,0.0693069306930693,0.1784867313861028,0.5397916666666667,0.0313888888888888,0.5397916666666667,False,3.925
5.0,combined,strong,201,0.0123611111111111,0.3820224719101123,-0.0398526065938028,0.0,0.1861652480572132,0.5770833333333333,0.0252777777777777,0.5770833333333333,False,3.925
5.0,combined,strong,202,0.01375,0.3737373737373737,-0.0440588731034278,0.0421052631578947,0.188677809934723,0.5729166666666666,0.0256944444444444,0.5729166666666666,False,3.925
5.0,combined,strong,203,0.0144444444444444,0.375,-0.0198440732081445,0.0306122448979591,0.1933571837284286,0.5952083333333333,0.0283333333333333,0.5952083333333333,False,3.925
5.0,combined,strong,204,0.0173611111111111,0.36,0.0192657467422999,0.0265486725663716,0.1850580006060683,0.5616666666666666,0.0288888888888888,0.5616666666666666,False,3.925
5.0,combined,strong,205,0.0163888888888888,0.3813559322033898,-0.0354172950755526,0.0442477876106194,0.2135870065088661,0.6089583333333334,0.0301388888888888,0.6089583333333334,False,3.925
5.0,combined,strong,206,0.0166666666666666,0.475,-0.0467789816771269,0.0353982300884955,0.1940945288746494,0.5672916666666666,0.0308333333333333,0.5672916666666666,False,3.925
5.0,combined,strong,207,0.0125,0.2888888888888888,0.0149885183372688,0.0,0.1883917269174274,0.584375,0.0273611111111111,0.584375,False,3.925
5.0,combined,strong,208,0.0138888888888888,0.25,0.0622097280643936,0.0714285714285714,0.1790183199686476,0.54,0.0293055555555555,0.54,False,3.925
10.0,baseline,weak,201,0.0034722222222222,0.12,0.2564395980969708,0.0416666666666666,0.1608528246017542,0.6714583333333334,0.0220833333333333,0.6714583333333334,False,3.925
10.0,baseline,weak,202,0.0033333333333333,0.0416666666666666,0.2878644707924616,0.0,0.151121867839018,0.7116666666666667,0.0194444444444444,0.7116666666666667,False,3.925
10.0,baseline,weak,203,0.0016666666666666,0.1666666666666666,0.0517093248196156,0.0,0.1657459548575277,0.719375,0.0219444444444444,0.719375,False,3.925
10.0,baseline,weak,204,0.0016666666666666,0.0,0.2844405604318317,0.0,0.1588738242678922,0.7202083333333333,0.0198611111111111,0.7202083333333333,False,3.925
10.0,baseline,weak,205,0.0030555555555555,0.0454545454545454,0.1623253975218824,0.0,0.1652362416972275,0.71125,0.0223611111111111,0.71125,False,3.925
10.0,baseline,weak,206,0.0038888888888888,0.2142857142857142,0.2028446993468976,0.0,0.1576180090170482,0.6745833333333333,0.0263888888888888,0.6745833333333333,False,3.925
10.0,baseline,weak,207,0.0034722222222222,0.08,0.3566876079320992,0.0,0.164330294127922,0.6764583333333334,0.0225,0.6764583333333334,False,3.925
10.0,baseline,weak,208,0.0019444444444444,0.1428571428571428,0.2811761650097585,0.0,0.1680218077759986,0.745,0.0186111111111111,0.745,False,3.925
10.0,baseline,medium,201,0.0018055555555555,0.0,-0.0225013142279923,0.0,0.1661338328747205,0.7622916666666667,0.0148611111111111,0.7622916666666667,False,3.925
10.0,baseline,medium,202,0.0011111111111111,0.125,0.1651388450833118,0.0,0.160412623335962,0.7235416666666666,0.0170833333333333,0.7235416666666666,False,3.925
10.0,baseline,medium,203,0.0011111111111111,0.125,0.1116242881306176,0.0,0.1685859374706581,0.7410416666666667,0.0173611111111111,0.7410416666666667,False,3.925
10.0,baseline,medium,204,0.0025,0.0,0.381244954803326,0.0,0.1641306027113853,0.69875,0.0208333333333333,0.69875,False,3.925
10.0,baseline,medium,205,0.0027777777777777,0.05,0.1275457820102387,0.0,0.1699805470987594,0.7677083333333333,0.0168055555555555,0.7677083333333333,False,3.925
10.0,baseline,medium,206,0.0029166666666666,0.0,0.3310555049267361,0.0,0.1587875982544039,0.7104166666666667,0.0191666666666666,0.7104166666666667,False,3.925
10.0,baseline,medium,207,0.0020833333333333,0.0,0.2484241192826447,0.0,0.1617986877818876,0.750625,0.0155555555555555,0.750625,False,3.925
10.0,baseline,medium,208,0.0029166666666666,0.0,0.2973842154061257,0.0,0.1624245312247179,0.7435416666666667,0.0169444444444444,0.7435416666666667,False,3.925
10.0,baseline,strong,201,0.00125,0.0,0.1155851428437867,0.0,0.1628120344993784,0.7666666666666667,0.0120833333333333,0.7666666666666667,False,3.925
10.0,baseline,strong,202,0.0018055555555555,0.2307692307692307,0.0114875130073074,0.0,0.1626345825298858,0.7797916666666667,0.0106944444444444,0.7797916666666667,False,3.925
10.0,baseline,strong,203,0.0026388888888888,0.1578947368421052,0.104056456280598,0.0,0.1728512734237074,0.76375,0.015,0.76375,False,3.925
10.0,baseline,strong,204,0.0019444444444444,0.0,-0.0015884325423994,0.0,0.1627947140029769,0.78375,0.0134722222222222,0.78375,False,3.925
10.0,baseline,strong,205,0.0015277777777777,0.0909090909090909,0.0678625377949975,0.0,0.1699983683785209,0.7885416666666667,0.0122222222222222,0.7885416666666667,False,3.925
10.0,baseline,strong,206,0.0029166666666666,0.0476190476190476,0.0868479713243442,0.0,0.1661561191744938,0.7760416666666666,0.0136111111111111,0.7760416666666666,False,3.925
10.0,baseline,strong,207,0.0018055555555555,0.3846153846153846,-0.1410475794640065,0.0,0.1645111306713223,0.7997916666666667,0.0098611111111111,0.7997916666666667,False,3.925
10.0,baseline,strong,208,0.0013888888888888,0.0,0.2164861296460089,0.0909090909090909,0.162690790935654,0.7633333333333333,0.0148611111111111,0.7633333333333333,False,3.925
10.0,combined,weak,201,0.0136111111111111,0.2551020408163265,0.1862525299918637,0.0,0.1729945088812846,0.6654166666666667,0.0291666666666666,0.6654166666666667,False,3.925
10.0,combined,weak,202,0.0133333333333333,0.25,0.2235318094215408,0.0326086956521739,0.1719721793941993,0.6845833333333333,0.0279166666666666,0.6845833333333333,False,3.925
10.0,combined,weak,203,0.015,0.324074074074074,0.1504440040839177,0.04,0.1867949428803679,0.659375,0.0334722222222222,0.659375,False,3.925
10.0,combined,weak,204,0.0166666666666666,0.3416666666666667,0.1811758957819777,0.0373831775700934,0.173592073531093,0.68125,0.0326388888888888,0.68125,False,3.925
10.0,combined,weak,205,0.0154166666666666,0.2792792792792792,0.2163753379658715,0.0297029702970297,0.1788019801980102,0.6583333333333333,0.0316666666666666,0.6583333333333333,False,3.925
10.0,combined,weak,206,0.0145833333333333,0.3333333333333333,0.1852667502760237,0.0104166666666666,0.1811883769769371,0.6695833333333333,0.0318055555555555,0.6695833333333333,False,3.925
10.0,combined,weak,207,0.01375,0.2727272727272727,0.2235274062774512,0.0111111111111111,0.1672953403041822,0.6327083333333333,0.0316666666666666,0.6327083333333333,False,3.925
10.0,combined,weak,208,0.0131944444444444,0.2421052631578947,0.215551971793436,0.0,0.1696151084777497,0.6766666666666666,0.0274999999999999,0.6766666666666666,False,3.925
10.0,combined,medium,201,0.0109722222222222,0.2151898734177215,0.192112067465528,0.0,0.1793716725038294,0.721875,0.0208333333333333,0.721875,False,3.925
10.0,combined,medium,202,0.0129166666666666,0.3333333333333333,0.1193356057111059,0.0,0.1701671442592909,0.73125,0.0252777777777777,0.73125,False,3.925
10.0,combined,medium,203,0.01125,0.2962962962962963,0.0997626315748769,0.0,0.1813859267627192,0.731875,0.0258333333333333,0.731875,False,3.925
10.0,combined,medium,204,0.0108333333333333,0.2948717948717949,0.197323380854973,0.0138888888888888,0.1639887812840803,0.73375,0.0206944444444444,0.73375,False,3.925
10.0,combined,medium,205,0.0126388888888888,0.3186813186813186,0.1682308794113421,0.0337078651685393,0.1795346825404698,0.7422916666666667,0.0234722222222222,0.7422916666666667,False,3.925
10.0,combined,medium,206,0.0141666666666666,0.3529411764705882,0.1527122582678758,0.0109890109890109,0.1824487704651887,0.6820833333333334,0.0254166666666666,0.6820833333333334,False,3.925
10.0,combined,medium,207,0.0134722222222222,0.2783505154639175,0.1832100439207007,0.0227272727272727,0.1776249020639578,0.731875,0.0225,0.731875,False,3.925
10.0,combined,medium,208,0.0123611111111111,0.3707865168539326,0.1801901514867933,0.036144578313253,0.1633610708349356,0.6985416666666666,0.0254166666666666,0.6985416666666666,False,3.925
10.0,combined,strong,201,0.0093055555555555,0.2537313432835821,0.159788053083184,0.032258064516129,0.1789281836907486,0.7745833333333333,0.0176388888888888,0.7745833333333333,False,3.925
10.0,combined,strong,202,0.00875,0.2698412698412698,0.1013807558943487,0.0,0.173320241902462,0.7608333333333334,0.0159722222222222,0.7608333333333334,False,3.925
10.0,combined,strong,203,0.0086111111111111,0.3225806451612903,0.1777154061682059,0.0,0.1799585631594162,0.756875,0.0201388888888888,0.756875,False,3.925
10.0,combined,strong,204,0.0119444444444444,0.2674418604651162,0.0912493995653484,0.0,0.1714100223759431,0.7522916666666667,0.0209722222222222,0.7522916666666667,False,3.925
10.0,combined,strong,205,0.0127777777777777,0.3695652173913043,0.0921261402832937,0.0235294117647058,0.188849544797339,0.7897916666666667,0.0193055555555555,0.7897916666666667,False,3.925
10.0,combined,strong,206,0.0093055555555555,0.2835820895522388,0.1065385868698722,0.0163934426229508,0.1756977349453654,0.7529166666666667,0.01625,0.7529166666666667,False,3.925
10.0,combined,strong,207,0.0093055555555555,0.3432835820895522,0.1365494264759113,0.0161290322580645,0.1765361709215994,0.771875,0.0158333333333333,0.771875,False,3.925
10.0,combined,strong,208,0.0113888888888888,0.2926829268292683,0.1485972311077217,0.025,0.1712106776694173,0.7404166666666666,0.0201388888888888,0.7404166666666666,False,3.925
0.0,baseline,weak,201,0.0031944444444444,0.0,0.0094731277972204,0.0,0.1545112791990131,0.1508333333333333,0.0343055555555555,0.1508333333333333,True,3.925
0.0,baseline,weak,202,0.005,0.1388888888888889,-0.0069327059445204,0.0,0.1523225089163147,0.1577083333333333,0.0370833333333333,0.1577083333333333,True,3.925
0.0,baseline,weak,203,0.0055555555555555,0.125,0.0160238017312337,0.0555555555555555,0.1630734814551961,0.16,0.0370833333333333,0.16,True,3.925
0.0,baseline,weak,204,0.0052777777777777,0.131578947368421,0.0440918566123844,0.0,0.1657026897695385,0.1683333333333333,0.0344444444444444,0.1683333333333333,True,3.925
0.0,baseline,weak,205,0.0048611111111111,0.1714285714285714,-0.0104237139083837,0.0,0.1577461311302133,0.163125,0.0355555555555555,0.163125,True,3.925
0.0,baseline,weak,206,0.0041666666666666,0.2,-0.0288972307143862,0.0,0.1561283882816769,0.1645833333333333,0.04,0.1645833333333333,True,3.925
0.0,baseline,weak,207,0.0044444444444444,0.09375,0.0371002912148372,0.0,0.1526658737402762,0.1566666666666666,0.0379166666666666,0.1566666666666666,True,3.925
0.0,baseline,weak,208,0.0059722222222222,0.2093023255813953,0.0070187104026084,0.0,0.1608533116078389,0.1639583333333333,0.0359722222222222,0.1639583333333333,True,3.925
0.0,baseline,medium,201,0.0045833333333333,0.0303030303030303,-0.0126818898280366,0.0,0.1618207251124335,0.1604166666666666,0.0381944444444444,0.1604166666666666,True,3.925
0.0,baseline,medium,202,0.0047222222222222,0.088235294117647,0.0198426633561093,0.0,0.1646642241447823,0.164375,0.0419444444444444,0.164375,True,3.925
0.0,baseline,medium,203,0.0048611111111111,0.0857142857142857,-0.0334453220069384,0.0285714285714285,0.1710437347737569,0.1677083333333333,0.0391666666666666,0.1677083333333333,True,3.925
0.0,baseline,medium,204,0.0061111111111111,0.1818181818181818,-0.0138175922558036,0.0,0.1646056444872231,0.1704166666666666,0.0402777777777777,0.1704166666666666,True,3.925
0.0,baseline,medium,205,0.0058333333333333,0.1428571428571428,-0.0385329803139793,0.0,0.1735210165225542,0.1766666666666666,0.0416666666666666,0.1766666666666666,True,3.925
0.0,baseline,medium,206,0.0047222222222222,0.0588235294117647,-0.0339425670663669,0.032258064516129,0.1573625601292235,0.159375,0.04,0.159375,True,3.925
0.0,baseline,medium,207,0.00375,0.074074074074074,0.0788453581717862,0.0,0.1716724467276998,0.1875,0.0422222222222222,0.1875,True,3.925
0.0,baseline,medium,208,0.0058333333333333,0.0952380952380952,-0.0069660843022918,0.0,0.1605865086282074,0.1679166666666666,0.0394444444444444,0.1679166666666666,True,3.925
0.0,baseline,strong,201,0.0040277777777777,0.0344827586206896,-0.0381199896688792,0.0,0.1741287458415713,0.1910416666666666,0.0416666666666666,0.1910416666666666,True,3.925
0.0,baseline,strong,202,0.00625,0.0888888888888888,-0.0327034117512267,0.0,0.1771572388801039,0.183125,0.0458333333333333,0.183125,True,3.925
0.0,baseline,strong,203,0.0038888888888888,0.0714285714285714,0.0099047270667109,0.0,0.1767534145722222,0.1858333333333333,0.0451388888888888,0.1858333333333333,True,3.925
0.0,baseline,strong,204,0.0058333333333333,0.1904761904761904,0.0180714504109757,0.0,0.1569623610603657,0.16375,0.0481944444444444,0.16375,True,3.925
0.0,baseline,strong,205,0.00625,0.1777777777777777,-0.0359032717759952,0.0,0.1684837099036016,0.176875,0.0479166666666666,0.176875,True,3.925
0.0,baseline,strong,206,0.00625,0.3333333333333333,-0.0847583357526522,0.0,0.1732140407651236,0.1760416666666666,0.0504166666666666,0.1760416666666666,True,3.925
0.0,baseline,strong,207,0.005,0.0277777777777777,-0.0068726910106496,0.0285714285714285,0.1822153693910902,0.1858333333333333,0.0376388888888888,0.1858333333333333,True,3.925
0.0,baseline,strong,208,0.0054166666666666,0.1538461538461538,-0.0328306373743799,0.0,0.163383137604254,0.1704166666666666,0.0440277777777777,0.1704166666666666,True,3.925
0.0,combined,weak,201,0.0213888888888888,0.2987012987012987,-0.1029337545523615,0.0986842105263157,0.183840719877059,0.200625,0.0456944444444444,0.200625,True,3.925
0.0,combined,weak,202,0.0194444444444444,0.3714285714285714,-0.1058606262401319,0.0948905109489051,0.1808699632487601,0.1952083333333333,0.0472222222222222,0.1952083333333333,True,3.925
0.0,combined,weak,203,0.0220833333333333,0.3836477987421384,-0.0995451889191734,0.0472972972972973,0.1918955952394681,0.2060416666666666,0.0470833333333333,0.2060416666666666,True,3.925
0.0,combined,weak,204,0.0208333333333333,0.34,-0.0681726407760208,0.1133333333333333,0.1794551319676924,0.1947916666666666,0.0468055555555555,0.1947916666666666,True,3.925
0.0,combined,weak,205,0.0209722222222222,0.3642384105960264,-0.0966054335050169,0.0460526315789473,0.1950711041281552,0.2045833333333333,0.0466666666666666,0.2045833333333333,True,3.925
0.0,combined,weak,206,0.02125,0.2810457516339869,-0.113826912160464,0.0476190476190476,0.2031150499932215,0.2275,0.0477777777777777,0.2275,True,3.925
0.0,combined,weak,207,0.0202777777777777,0.3835616438356164,-0.0736172852904435,0.0575539568345323,0.1820358200549385,0.188125,0.0461111111111111,0.188125,True,3.925
0.0,combined,weak,208,0.0176388888888888,0.3070866141732283,-0.0623324549119967,0.1297709923664122,0.1684728468093914,0.1714583333333333,0.0454166666666666,0.1714583333333333,True,3.925
0.0,combined,medium,201,0.0222222222222222,0.43125,-0.0997997516217683,0.1257861635220125,0.1899478622407034,0.2127083333333333,0.0497222222222222,0.2127083333333333,True,3.925
0.0,combined,medium,202,0.0236111111111111,0.4117647058823529,-0.1068097858124815,0.1098265895953757,0.1933150420362196,0.2120833333333333,0.0513888888888889,0.2120833333333333,True,3.925
0.0,combined,medium,203,0.0227777777777777,0.4146341463414634,-0.1068514295339482,0.1124260355029585,0.2010075688305807,0.203125,0.0494444444444444,0.203125,True,3.925
0.0,combined,medium,204,0.0258333333333333,0.4462365591397849,-0.1263189956856298,0.1135135135135135,0.2033319936655384,0.22625,0.0556944444444444,0.22625,True,3.925
0.0,combined,medium,205,0.0233333333333333,0.4047619047619047,-0.1161724145613396,0.1040462427745664,0.2028791123859952,0.2164583333333333,0.0451388888888888,0.2164583333333333,True,3.925
0.0,combined,medium,206,0.0245833333333333,0.4689265536723164,-0.1376323560156664,0.1092896174863388,0.2023975587922024,0.2139583333333333,0.05375,0.2139583333333333,True,3.925
0.0,combined,medium,207,0.0225,0.4444444444444444,-0.08483586151152,0.1411764705882353,0.1924886210047638,0.2085416666666666,0.0480555555555555,0.2085416666666666,True,3.925
0.0,combined,medium,208,0.0238888888888888,0.4244186046511627,-0.0911887099848028,0.1340782122905028,0.1858719083000792,0.195,0.0490277777777777,0.195,True,3.925
0.0,combined,strong,201,0.0270833333333333,0.5025641025641026,-0.1668041404713068,0.1712962962962963,0.2231372433022432,0.2541666666666666,0.0530555555555555,0.2541666666666666,True,3.925
0.0,combined,strong,202,0.0261111111111111,0.4734042553191489,-0.1367328481071097,0.154228855721393,0.212696187447726,0.235,0.0538888888888888,0.235,True,3.925
0.0,combined,strong,203,0.0263888888888888,0.4210526315789473,-0.1436006624147034,0.1379310344827586,0.2217208324086472,0.2422916666666666,0.0543055555555555,0.2422916666666666,True,3.925
0.0,combined,strong,204,0.0266666666666666,0.4635416666666667,-0.1334697484792913,0.1619047619047619,0.2036783520673285,0.2347916666666666,0.0558333333333333,0.2347916666666666,True,3.925
0.0,combined,strong,205,0.0256944444444444,0.4108108108108108,-0.1328180316450668,0.13,0.2196772434386411,0.2433333333333333,0.0572222222222222,0.2433333333333333,True,3.925
0.0,combined,strong,206,0.0286111111111111,0.5388349514563107,-0.1750683099523908,0.1409090909090909,0.2354099939972896,0.2610416666666666,0.0591666666666666,0.2610416666666666,True,3.925
0.0,combined,strong,207,0.0213888888888888,0.3701298701298701,-0.077422630567144,0.1012658227848101,0.1933638129240014,0.2070833333333333,0.0458333333333333,0.2070833333333333,True,3.925
0.0,combined,strong,208,0.0234722222222222,0.4733727810650887,-0.1216227413219443,0.1405405405405405,0.1913711510204231,0.216875,0.0501388888888888,0.216875,True,3.925
2.0,baseline,weak,201,0.004861111111111111,0.17142857142857143,-0.01082839984065847,0.03125,0.15565943813756042,0.285625,0.03888888888888888,0.285625,True,3.719
2.0,baseline,weak,202,0.006666666666666667,0.1875,0.037894200146872406,0.0,0.15657113556553415,0.2833333333333333,0.043333333333333335,0.2833333333333333,True,3.719
2.0,baseline,weak,203,0.005555555555555556,0.075,0.1127317067745062,0.0,0.16131704440518793,0.289375,0.04069444444444444,0.289375,True,3.719
2.0,baseline,weak,204,0.00625,0.06666666666666667,0.05456952690418312,0.0,0.1500755532709786,0.263125,0.041944444444444444,0.263125,True,3.719
2.0,baseline,weak,205,0.005138888888888889,0.08108108108108109,0.07116246576389489,0.0,0.16371617760263366,0.3025,0.04013888888888889,0.3025,True,3.719
2.0,baseline,weak,206,0.003611111111111111,0.11538461538461539,0.059588395211757676,0.0,0.15494051495216013,0.28125,0.03805555555555555,0.28125,True,3.719
2.0,baseline,weak,207,0.0044444444444444444,0.0625,0.09565779098197731,0.0,0.16301666180519997,0.29625,0.037361111111111116,0.29625,True,3.719
2.0,baseline,weak,208,0.0044444444444444444,0.0625,0.05846104912496297,0.09090909090909091,0.16401510133310637,0.288125,0.036944444444444446,0.288125,True,3.719
2.0,baseline,medium,201,0.004583333333333333,0.12121212121212122,0.05002033837062541,0.0,0.16401256554672153,0.299375,0.04055555555555555,0.299375,True,3.719
2.0,baseline,medium,202,0.00625,0.1111111111111111,0.1063954793846978,0.024390243902439025,0.16528948168574933,0.2864583333333333,0.04263888888888889,0.2864583333333333,True,3.719
2.0,baseline,medium,203,0.004166666666666667,0.03333333333333333,0.0557017215072358,0.0,0.16693065948877447,0.30520833333333336,0.04027777777777778,0.30520833333333336,True,3.719
2.0,baseline,medium,204,0.00375,0.037037037037037035,0.07765994753692584,0.07142857142857142,0.15626089731922704,0.2789583333333333,0.04347222222222222,0.2789583333333333,True,3.719
2.0,baseline,medium,205,0.005416666666666667,0.15384615384615385,0.011193958269740005,0.0,0.17685650859700802,0.32645833333333335,0.03694444444444444,0.32645833333333335,True,3.719
2.0,baseline,medium,206,0.006527777777777778,0.19148936170212766,0.07255304821665803,0.022222222222222223,0.15599635834134498,0.278125,0.044722222222222226,0.278125,True,3.719
2.0,baseline,medium,207,0.005694444444444445,0.12195121951219512,0.037509834426338394,0.05,0.17188970297508935,0.31583333333333335,0.03861111111111112,0.31583333333333335,True,3.719
2.0,baseline,medium,208,0.005416666666666667,0.1794871794871795,0.07017129339783096,0.0,0.16493194602484654,0.30020833333333335,0.036666666666666674,0.30020833333333335,True,3.719
2.0,baseline,strong,201,0.005138888888888889,0.10810810810810811,0.029722611664510738,0.0,0.1675988205375494,0.32916666666666666,0.03666666666666667,0.32916666666666666,True,3.719
2.0,baseline,strong,202,0.006527777777777778,0.1702127659574468,0.02158125124366304,0.0,0.16833270827679347,0.31604166666666667,0.04083333333333334,0.31604166666666667,True,3.719
2.0,baseline,strong,203,0.006527777777777778,0.0425531914893617,0.022536019688282883,0.0,0.17848420870771614,0.33958333333333335,0.04027777777777778,0.33958333333333335,True,3.719
2.0,baseline,strong,204,0.004722222222222222,0.11764705882352941,0.09305140007503929,0.0,0.17407966753927157,0.3177083333333333,0.042083333333333334,0.3177083333333333,True,3.719
2.0,baseline,strong,205,0.005416666666666667,0.20512820512820512,0.008902089535380938,0.0,0.18225867828983863,0.33270833333333333,0.03847222222222223,0.33270833333333333,True,3.719
2.0,baseline,strong,206,0.004027777777777778,0.1724137931034483,-0.05329886703964453,0.0,0.1646114869058987,0.3022916666666667,0.043888888888888894,0.3022916666666667,True,3.719
2.0,baseline,strong,207,0.004166666666666667,0.1,-0.023255064496877125,0.0,0.1840188134617463,0.3329166666666667,0.03986111111111111,0.3329166666666667,True,3.719
2.0,baseline,strong,208,0.006805555555555555,0.061224489795918366,0.034542240433048446,0.06521739130434782,0.16575764010592986,0.31333333333333335,0.04,0.31333333333333335,True,3.719
2.0,combined,weak,201,0.02125,0.35294117647058826,-0.03251236616327018,0.058823529411764705,0.19494494906104623,0.3229166666666667,0.04833333333333334,0.3229166666666667,True,3.719
2.0,combined,weak,202,0.024583333333333332,0.3898305084745763,-0.036681653448097665,0.11235955056179775,0.20116573725730252,0.320625,0.052638888888888895,0.320625,True,3.719
2.0,combined,weak,203,0.023055555555555555,0.3253012048192771,-0.03641196324726905,0.10714285714285714,0.1924155337710274,0.32958333333333334,0.050833333333333335,0.32958333333333334,True,3.719
2.0,combined,weak,204,0.020972222222222222,0.44370860927152317,-0.043987940705834234,0.11612903225806452,0.17918251772778013,0.298125,0.049861111111111106,0.298125,True,3.719
2.0,combined,weak,205,0.021805555555555557,0.40764331210191085,-0.06378678915402808,0.09316770186335403,0.1924457828085787,0.32104166666666667,0.04819444444444445,0.32104166666666667,True,3.719
2.0,combined,weak,206,0.02625,0.49206349206349204,-0.06901045010235575,0.040697674418604654,0.2205803912794174,0.33541666666666664,0.05652777777777777,0.33541666666666664,True,3.719
2.0,combined,weak,207,0.021527777777777778,0.4064516129032258,-0.03668927224622153,0.08441558441558442,0.1884356583706591,0.31833333333333336,0.04972222222222222,0.31833333333333336,True,3.719
2.0,combined,weak,208,0.022916666666666665,0.4484848484848485,-0.03547291757095614,0.125,0.17633586370594748,0.2916666666666667,0.05194444444444445,0.2916666666666667,True,3.719
2.0,combined,medium,201,0.02388888888888889,0.4476744186046512,-0.054282313858300534,0.096045197740113,0.21266143220214473,0.3597916666666667,0.04708333333333334,0.3597916666666667,True,3.719
2.0,combined,medium,202,0.023194444444444445,0.4550898203592814,-0.05366028416327124,0.14689265536723164,0.20075207276838067,0.3410416666666667,0.05069444444444445,0.3410416666666667,True,3.719
2.0,combined,medium,203,0.024027777777777776,0.4046242774566474,-0.060048191976915084,0.06976744186046512,0.21103713520296907,0.35833333333333334,0.05263888888888888,0.35833333333333334,True,3.719
2.0,combined,medium,204,0.02652777777777778,0.49214659685863876,-0.0743992887541554,0.1306532663316583,0.20074809480949315,0.35020833333333334,0.051388888888888894,0.35020833333333334,True,3.719
2.0,combined,medium,205,0.023194444444444445,0.41916167664670656,-0.05734804008232881,0.06097560975609756,0.20565408806949276,0.3541666666666667,0.04847222222222222,0.3541666666666667,True,3.719
2.0,combined,medium,206,0.02625,0.5291005291005291,-0.11267096268315603,0.05027932960893855,0.2218037569757703,0.345,0.05555555555555556,0.345,True,3.719
2.0,combined,medium,207,0.0225,0.4074074074074074,-0.05802443609001687,0.10975609756097561,0.2008324179792476,0.3591666666666667,0.04805555555555555,0.3591666666666667,True,3.719
2.0,combined,medium,208,0.02236111111111111,0.39751552795031053,-0.035655041605870026,0.11176470588235295,0.18275781025088203,0.3154166666666667,0.05083333333333332,0.3154166666666667,True,3.719
2.0,combined,strong,201,0.021388888888888888,0.37662337662337664,-0.0722442389449575,0.11180124223602485,0.203412716737174,0.36875,0.04694444444444445,0.36875,True,3.719
2.0,combined,strong,202,0.026805555555555555,0.49222797927461137,-0.11136459080849243,0.10309278350515463,0.22807316224494817,0.395625,0.05347222222222223,0.395625,True,3.719
2.0,combined,strong,203,0.025694444444444443,0.44324324324324327,-0.10574082530244205,0.15736040609137056,0.23035701507294826,0.39145833333333335,0.05069444444444444,0.39145833333333335,True,3.719
2.0,combined,strong,204,0.024722222222222222,0.47191011235955055,-0.10437802700105664,0.17258883248730963,0.20565874739329995,0.33916666666666667,0.05069444444444445,0.33916666666666667,True,3.719
2.0,combined,strong,205,0.02763888888888889,0.49246231155778897,-0.10945502844114356,0.12560386473429952,0.2362608625838106,0.39875,0.051111111111111114,0.39875,True,3.719
2.0,combined,strong,206,0.027777777777777776,0.56,-0.13653959319655523,0.07772020725388601,0.23539013360896527,0.38708333333333333,0.05541666666666666,0.38708333333333333,True,3.719
2.0,combined,strong,207,0.02263888888888889,0.44171779141104295,-0.10184646672107166,0.1564245810055866,0.20739864206786215,0.36875,0.046250000000000006,0.36875,True,3.719
2.0,combined,strong,208,0.021527777777777778,0.3935483870967742,-0.0955902754057098,0.1317365269461078,0.19918980651150184,0.34020833333333333,0.049166666666666664,0.34020833333333333,True,3.719
5.0,baseline,weak,201,0.0059722222222222225,0.16279069767441862,0.1537803555914013,0.0,0.15963991287332643,0.45375,0.04638888888888889,0.45375,True,3.4158
5.0,baseline,weak,202,0.005416666666666667,0.1282051282051282,0.13793648656940402,0.0,0.15908306429393246,0.41854166666666665,0.04847222222222222,0.41854166666666665,True,3.4158
5.0,baseline,weak,203,0.0075,0.037037037037037035,0.1041260891324881,0.0,0.16552570802616667,0.486875,0.043472222222222225,0.486875,True,3.4158
5.0,baseline,weak,204,0.007222222222222222,0.15384615384615385,0.08463607574886489,0.020833333333333332,0.1596737106123987,0.4475,0.049305555555555554,0.4475,True,3.4158
5.0,baseline,weak,205,0.005555555555555556,0.05,0.08024688860097864,0.0,0.17198066840929943,0.46729166666666666,0.04513888888888889,0.46729166666666666,True,3.4158
5.0,baseline,weak,206,0.007638888888888889,0.07272727272727272,0.12963206281323222,0.0,0.15560793286965277,0.41083333333333333,0.05333333333333332,0.41083333333333333,True,3.4158
5.0,baseline,weak,207,0.006111111111111111,0.11363636363636363,0.11032770253191874,0.0,0.16345098768627414,0.48125,0.04388888888888889,0.48125,True,3.4158
5.0,baseline,weak,208,0.00625,0.13333333333333333,0.13947563738372226,0.06382978723404255,0.16063604701070225,0.450625,0.04305555555555555,0.450625,True,3.4158
5.0,baseline,medium,201,0.0044444444444444444,0.0625,0.055672681967714945,0.06451612903225806,0.17703732798222316,0.5154166666666666,0.03986111111111111,0.5154166666666666,True,3.4158
5.0,baseline,medium,202,0.004722222222222222,0.11764705882352941,0.11723199757624508,0.0,0.17398929122816642,0.5208333333333334,0.04097222222222222,0.5208333333333334,True,3.4158
5.0,baseline,medium,203,0.005138888888888889,0.13513513513513514,0.09393113770382419,0.0,0.1838897937582715,0.5125,0.042777777777777776,0.5125,True,3.4158
5.0,baseline,medium,204,0.00375,0.1111111111111111,0.03148530321888442,0.03571428571428571,0.16625064351418123,0.5045833333333334,0.042222222222222223,0.5045833333333334,True,3.4158
5.0,baseline,medium,205,0.007361111111111111,0.1509433962264151,0.040019135331228216,0.022222222222222223,0.17171493928130258,0.4872916666666667,0.043333333333333335,0.4872916666666667,True,3.4158
5.0,baseline,medium,206,0.006388888888888889,0.1956521739130435,0.11118190836029056,0.0,0.15500090981192075,0.461875,0.042916666666666665,0.461875,True,3.4158
5.0,baseline,medium,207,0.005,0.08333333333333333,0.1111744913305283,0.03333333333333333,0.17527407443042345,0.51125,0.04013888888888889,0.51125,True,3.4158
5.0,baseline,medium,208,0.0044444444444444444,0.15625,0.18737322701827458,0.0,0.16766355940350633,0.509375,0.03652777777777778,0.509375,True,3.4158
5.0,baseline,strong,201,0.004166666666666667,0.03333333333333333,0.08371197879799777,0.0,0.17666132101246304,0.534375,0.035555555555555556,0.534375,True,3.4158
5.0,baseline,strong,202,0.005694444444444445,0.1951219512195122,0.01523913050185687,0.0,0.1754899888565761,0.5297916666666667,0.036944444444444446,0.5297916666666667,True,3.4158
5.0,baseline,strong,203,0.004861111111111111,0.08571428571428572,0.06951185495141088,0.0,0.17953518863257587,0.5260416666666666,0.03861111111111112,0.5260416666666666,True,3.4158
5.0,baseline,strong,204,0.005138888888888889,0.05405405405405406,0.04893173014228047,0.0,0.1710695021219925,0.521875,0.03666666666666667,0.521875,True,3.4158
5.0,baseline,strong,205,0.0059722222222222225,0.16279069767441862,0.061313005913799616,0.02564102564102564,0.17616779254831122,0.5133333333333333,0.04055555555555556,0.5133333333333333,True,3.4158
5.0,baseline,strong,206,0.007638888888888889,0.23636363636363636,0.04889272598740406,0.0,0.16754729177276387,0.49375,0.04402777777777778,0.49375,True,3.4158
5.0,baseline,strong,207,0.0043055555555555555,0.06451612903225806,-0.020550627163218434,0.11764705882352941,0.18101738613982807,0.5452083333333333,0.032916666666666664,0.5452083333333333,True,3.4158
5.0,baseline,strong,208,0.0059722222222222225,0.06976744186046512,0.1394368547734937,0.025,0.1709555024654273,0.47541666666666665,0.037777777777777785,0.47541666666666665,True,3.4158
5.0,combined,weak,201,0.023194444444444445,0.40119760479041916,0.02239578034583723,0.11797752808988764,0.19013908950377825,0.4508333333333333,0.05444444444444444,0.4508333333333333,True,3.4158
5.0,combined,weak,202,0.025555555555555557,0.43478260869565216,0.03796834229872665,0.11702127659574468,0.2085395151234086,0.4639583333333333,0.056805555555555554,0.4639583333333333,True,3.4158
5.0,combined,weak,203,0.02375,0.4444444444444444,0.01718323077116379,0.10919540229885058,0.20595309654894564,0.4741666666666667,0.05541666666666666,0.4741666666666667,True,3.4158
5.0,combined,weak,204,0.025833333333333333,0.3924731182795699,0.05122291858783049,0.1568627450980392,0.19919928874075898,0.49375,0.05347222222222222,0.49375,True,3.4158
5.0,combined,weak,205,0.024722222222222222,0.33146067415730335,0.028509437150855164,0.15463917525773196,0.19666814401020963,0.4579166666666667,0.06,0.4579166666666667,True,3.4158
5.0,combined,weak,206,0.02652777777777778,0.450261780104712,0.0029172613825139276,0.1065989847715736,0.21953121439027123,0.461875,0.06013888888888889,0.461875,True,3.4158
5.0,combined,weak,207,0.02347222222222222,0.41420118343195267,0.023853497481766465,0.1388888888888889,0.19061075451953338,0.4814583333333333,0.051111111111111114,0.4814583333333333,True,3.4158
5.0,combined,weak,208,0.02347222222222222,0.3609467455621302,0.08156115289785136,0.1270718232044199,0.18258557319214258,0.46125,0.055,0.46125,True,3.4158
5.0,combined,medium,201,0.022083333333333333,0.3584905660377358,0.022138788841861302,0.07407407407407407,0.20482582637338945,0.5133333333333333,0.04805555555555555,0.5133333333333333,True,3.4158
5.0,combined,medium,202,0.025694444444444443,0.44324324324324327,0.0322187061792605,0.11827956989247312,0.2100671778302738,0.5147916666666666,0.05194444444444444,0.5147916666666666,True,3.4158
5.0,combined,medium,203,0.022222222222222223,0.425,-0.019500251619469878,0.11764705882352941,0.20686798100640214,0.545,0.05402777777777778,0.545,True,3.4158
5.0,combined,medium,204,0.022916666666666665,0.36363636363636365,-0.02927772958481859,0.15591397849462366,0.19727572771067278,0.52,0.05069444444444444,0.52,True,3.4158
5.0,combined,medium,205,0.024027777777777776,0.4508670520231214,-0.00257513357294149,0.143646408839779,0.20804730119564213,0.5247916666666667,0.052222222222222225,0.5247916666666667,True,3.4158
5.0,combined,medium,206,0.02763888888888889,0.46733668341708545,-0.015056592768424852,0.06735751295336788,0.23335181854996415,0.5091666666666667,0.05583333333333334,0.5091666666666667,True,3.4158
5.0,combined,medium,207,0.022916666666666665,0.36363636363636365,0.013237274287255263,0.13609467455621302,0.2023406934774661,0.5085416666666667,0.049305555555555554,0.5085416666666667,True,3.4158
5.0,combined,medium,208,0.024027777777777776,0.3872832369942196,0.05255761759579836,0.12290502793296089,0.19524687572891122,0.47270833333333334,0.05000000000000001,0.47270833333333334,True,3.4158
5.0,combined,strong,201,0.023333333333333334,0.44642857142857145,-0.028736458184449993,0.13068181818181818,0.20923314198240078,0.534375,0.04569444444444445,0.534375,True,3.4158
5.0,combined,strong,202,0.02388888888888889,0.5465116279069767,-0.02457075586626447,0.14444444444444443,0.216271351629317,0.5683333333333334,0.04777777777777778,0.5683333333333334,True,3.4158
5.0,combined,strong,203,0.02236111111111111,0.32919254658385094,0.01803121410519508,0.1301775147928994,0.21376832475109292,0.5385416666666667,0.04541666666666667,0.5385416666666667,True,3.4158
5.0,combined,strong,204,0.022916666666666665,0.45454545454545453,-0.05373626378929735,0.12994350282485875,0.20709041489331578,0.5589583333333333,0.04694444444444445,0.5589583333333333,True,3.4158
5.0,combined,strong,205,0.02277777777777778,0.4878048780487805,-0.06405743181241037,0.15846994535519127,0.22671798604535487,0.578125,0.047361111111111104,0.578125,True,3.4158
5.0,combined,strong,206,0.026111111111111113,0.5372340425531915,-0.05846195066716985,0.08602150537634409,0.22934677157682554,0.5516666666666666,0.05194444444444445,0.5516666666666666,True,3.4158
5.0,combined,strong,207,0.020694444444444446,0.436241610738255,-0.031090581840931837,0.12258064516129032,0.20537315944645526,0.5820833333333333,0.04513888888888889,0.5820833333333333,True,3.4158
5.0,combined,strong,208,0.021805555555555557,0.45222929936305734,0.006208103542711677,0.18235294117647058,0.1924418156140926,0.5239583333333333,0.04374999999999999,0.5239583333333333,True,3.4158
10.0,baseline,weak,201,0.006388888888888889,0.021739130434782608,0.16683429758746418,0.024390243902439025,0.16447626553356576,0.5727083333333334,0.04972222222222222,0.5727083333333334,True,3.1838
10.0,baseline,weak,202,0.005138888888888889,0.13513513513513514,0.2636441445987438,0.02857142857142857,0.15594675961637589,0.5864583333333333,0.04777777777777778,0.5864583333333333,True,3.1838
10.0,baseline,weak,203,0.008472222222222223,0.18032786885245902,0.2445634462462221,0.05357142857142857,0.16644891548713883,0.5670833333333334,0.05611111111111111,0.5670833333333334,True,3.1838
10.0,baseline,weak,204,0.006388888888888889,0.17391304347826086,0.2017632672343588,0.0,0.15666657612731147,0.573125,0.053888888888888896,0.573125,True,3.1838
10.0,baseline,weak,205,0.0075,0.2037037037037037,0.21459834041698875,0.0,0.16029898789472333,0.5591666666666667,0.05236111111111111,0.5591666666666667,True,3.1838
10.0,baseline,weak,206,0.0075,0.16666666666666666,0.13008290159724295,0.021739130434782608,0.15724059130085963,0.52125,0.05847222222222223,0.52125,True,3.1838
10.0,baseline,weak,207,0.005694444444444445,0.04878048780487805,0.24747952128352338,0.02702702702702703,0.15928377825303663,0.5760416666666667,0.04763888888888889,0.5760416666666667,True,3.1838
10.0,baseline,weak,208,0.005138888888888889,0.24324324324324326,0.21015880628019348,0.02857142857142857,0.15856944711493,0.59875,0.04652777777777778,0.59875,True,3.1838
10.0,baseline,medium,201,0.004722222222222222,0.11764705882352941,0.14339287446030177,0.0,0.16947721041426775,0.6541666666666667,0.035555555555555556,0.6541666666666667,True,3.1838
10.0,baseline,medium,202,0.006111111111111111,0.13636363636363635,0.19212669650308725,0.04878048780487805,0.16387551911771261,0.6385416666666667,0.03944444444444445,0.6385416666666667,True,3.1838
10.0,baseline,medium,203,0.005277777777777778,0.15789473684210525,0.1680803949009262,0.0,0.1736938418897234,0.6379166666666667,0.042777777777777776,0.6379166666666667,True,3.1838
10.0,baseline,medium,204,0.005416666666666667,0.15384615384615385,0.12811215509979432,0.02631578947368421,0.16176490017532738,0.6547916666666667,0.03833333333333334,0.6547916666666667,True,3.1838
10.0,baseline,medium,205,0.005555555555555556,0.275,0.13158643929424874,0.0,0.17430646415518364,0.6333333333333333,0.0425,0.6333333333333333,True,3.1838
10.0,baseline,medium,206,0.006527777777777778,0.06382978723404255,0.19600260333512567,0.022727272727272728,0.15408796637649022,0.5966666666666667,0.043472222222222225,0.5966666666666667,True,3.1838
10.0,baseline,medium,207,0.0059722222222222225,0.18604651162790697,0.19199037779509529,0.0,0.16816479446332075,0.6522916666666667,0.03930555555555556,0.6522916666666667,True,3.1838
10.0,baseline,medium,208,0.006805555555555555,0.12244897959183673,0.23770706477585585,0.0,0.1663673679055268,0.6316666666666667,0.04069444444444444,0.6316666666666667,True,3.1838
10.0,baseline,strong,201,0.004861111111111111,0.08571428571428572,0.10461225947190111,0.0,0.170080083876389,0.69625,0.03222222222222223,0.69625,True,3.1838
10.0,baseline,strong,202,0.0044444444444444444,0.0625,0.20779549274406997,0.0,0.17145448807610242,0.6685416666666667,0.031527777777777787,0.6685416666666667,True,3.1838
10.0,baseline,strong,203,0.0044444444444444444,0.1875,0.022201529254222706,0.0,0.18049175661974806,0.7164583333333333,0.03125,0.7164583333333333,True,3.1838
10.0,baseline,strong,204,0.004861111111111111,0.08571428571428572,0.2675798380110113,0.02857142857142857,0.15460252073833958,0.6741666666666667,0.03194444444444444,0.6741666666666667,True,3.1838
10.0,baseline,strong,205,0.0044444444444444444,0.21875,0.12444870579627787,0.0,0.1716015829611463,0.6908333333333333,0.035555555555555556,0.6908333333333333,True,3.1838
10.0,baseline,strong,206,0.005138888888888889,0.08108108108108109,0.17145877539485976,0.0,0.16444819440326772,0.665,0.037361111111111116,0.665,True,3.1838
10.0,baseline,strong,207,0.0043055555555555555,0.2903225806451613,0.09382355416974311,0.0,0.17316663437432672,0.6922916666666666,0.029861111111111106,0.6922916666666666,True,3.1838
10.0,baseline,strong,208,0.0044444444444444444,0.21875,0.14458050566162015,0.03225806451612903,0.1698684426227355,0.7035416666666666,0.03138888888888889,0.7035416666666666,True,3.1838
10.0,combined,weak,201,0.02388888888888889,0.4476744186046512,0.09080065115577783,0.17258883248730963,0.19728162212614966,0.5604166666666667,0.057916666666666665,0.5604166666666667,True,3.1838
10.0,combined,weak,202,0.02625,0.49206349206349204,0.11213992465090115,0.11398963730569948,0.20271731533878787,0.5725,0.05958333333333334,0.5725,True,3.1838
10.0,combined,weak,203,0.023194444444444445,0.4311377245508982,0.09767757011232422,0.13978494623655913,0.1983897729500841,0.575,0.05805555555555556,0.575,True,3.1838
10.0,combined,weak,204,0.02666666666666667,0.390625,0.12879250478366128,0.1643192488262911,0.20198353549157314,0.5783333333333334,0.06333333333333334,0.5783333333333334,True,3.1838
10.0,combined,weak,205,0.025,0.4222222222222222,0.09971377374068216,0.14814814814814814,0.19400023504635153,0.580625,0.059166666666666666,0.580625,True,3.1838
10.0,combined,weak,206,0.030833333333333334,0.5135135135135135,0.086109029803059,0.06666666666666667,0.22950290528271036,0.550625,0.06819444444444445,0.550625,True,3.1838
10.0,combined,weak,207,0.02666666666666667,0.484375,0.11477034702407596,0.15789473684210525,0.202739455910267,0.5552083333333333,0.062222222222222234,0.5552083333333333,True,3.1838
10.0,combined,weak,208,0.024166666666666666,0.4540229885057471,0.1478044807735481,0.20202020202020202,0.18467257242356808,0.539375,0.061250000000000006,0.539375,True,3.1838
10.0,combined,medium,201,0.021944444444444444,0.4620253164556962,0.0766446380220853,0.1125,0.20351194403979384,0.60125,0.04777777777777778,0.60125,True,3.1838
10.0,combined,medium,202,0.02388888888888889,0.436046511627907,0.09148660276992301,0.08670520231213873,0.20458918303640217,0.6233333333333333,0.050972222222222224,0.6233333333333333,True,3.1838
10.0,combined,medium,203,0.024444444444444446,0.5170454545454546,0.09315649281037262,0.09248554913294797,0.20187820239457976,0.616875,0.05777777777777778,0.616875,True,3.1838
10.0,combined,medium,204,0.02125,0.3464052287581699,0.13514102337821673,0.13253012048192772,0.18330671807950225,0.6177083333333333,0.04958333333333334,0.6177083333333333,True,3.1838
10.0,combined,medium,205,0.0225,0.3765432098765432,0.0740961152985949,0.14772727272727273,0.19631181549929191,0.6397916666666666,0.04736111111111111,0.6397916666666666,True,3.1838
10.0,combined,medium,206,0.029166666666666667,0.4714285714285714,0.037424885801478625,0.09134615384615384,0.2385179469628442,0.6333333333333333,0.05902777777777778,0.6333333333333333,True,3.1838
10.0,combined,medium,207,0.0225,0.41358024691358025,0.11698046722869568,0.1130952380952381,0.19941708310744477,0.6266666666666667,0.04666666666666667,0.6266666666666667,True,3.1838
10.0,combined,medium,208,0.02388888888888889,0.38953488372093026,0.13951901624455823,0.12777777777777777,0.18208520972154804,0.563125,0.05430555555555555,0.563125,True,3.1838
10.0,combined,strong,201,0.02375,0.5146198830409356,0.03328427393074313,0.10344827586206896,0.22116612863514765,0.6841666666666667,0.04472222222222222,0.6841666666666667,True,3.1838
10.0,combined,strong,202,0.020972222222222222,0.44370860927152317,0.03869715557434514,0.09032258064516129,0.20892912365929184,0.6789583333333333,0.03902777777777778,0.6789583333333333,True,3.1838
10.0,combined,strong,203,0.023194444444444445,0.5209580838323353,0.046107103205722685,0.11931818181818182,0.21219116486127096,0.6535416666666667,0.04611111111111111,0.6535416666666667,True,3.1838
10.0,combined,strong,204,0.020833333333333332,0.49333333333333335,0.06617157601881558,0.07947019867549669,0.19242534531021507,0.67375,0.042916666666666665,0.67375,True,3.1838
10.0,combined,strong,205,0.021666666666666667,0.5897435897435898,0.02667501520471397,0.11392405063291139,0.21230621181072287,0.71125,0.041944444444444444,0.71125,True,3.1838
10.0,combined,strong,206,0.025138888888888888,0.5248618784530387,0.0051579090744688465,0.09289617486338798,0.2221001356636457,0.6741666666666667,0.04819444444444445,0.6741666666666667,True,3.1838
10.0,combined,strong,207,0.022222222222222223,0.50625,0.03850519916838392,0.10493827160493827,0.20792756188641087,0.6970833333333334,0.03847222222222222,0.6970833333333334,True,3.1838
10.0,combined,strong,208,0.020972222222222222,0.4304635761589404,0.05933128253524767,0.12258064516129032,0.19194167928799424,0.6489583333333333,0.044583333333333336,0.6489583333333333,True,3.1838
