capacity_mode,external_rate,design,policy,intensity,interaction,seed,target_inflow_rate,target_external_inflow_rate,target_total_inflow_rate,chain_share,housing_rejection,external_share_system,move_rate
shared,0.0983,cross,baseline,1.0,weak,201,0.005,0.008194444444444445,0.013194444444444444,0.027777777777777776,0.18421052631578946,0.6395027624309392,0.03625
shared,0.0983,cross,baseline,1.0,weak,202,0.005277777777777778,0.007083333333333333,0.012361111111111111,0.07894736842105263,0.23893805309734514,0.6444444444444445,0.035555555555555556
shared,0.0983,cross,baseline,1.0,weak,203,0.0044444444444444444,0.009027777777777777,0.013472222222222222,0.15625,0.25,0.6625514403292181,0.03416666666666667
shared,0.0983,cross,baseline,1.0,weak,204,0.004583333333333333,0.008472222222222223,0.013055555555555556,0.12121212121212122,0.17117117117117117,0.6390773405698779,0.03694444444444444
shared,0.0983,cross,baseline,1.0,weak,205,0.004861111111111111,0.010138888888888888,0.015,0.22857142857142856,0.18604651162790697,0.618204804045512,0.04194444444444445
shared,0.0983,cross,baseline,1.0,weak,206,0.007638888888888889,0.007222222222222222,0.014861111111111111,0.18181818181818182,0.23880597014925373,0.6363636363636364,0.03888888888888889
shared,0.0983,cross,baseline,1.0,weak,207,0.005138888888888889,0.006527777777777778,0.011666666666666667,0.13513513513513514,0.28448275862068967,0.6481994459833795,0.035277777777777776
shared,0.0983,cross,baseline,1.0,weak,208,0.005694444444444445,0.007638888888888889,0.013333333333333334,0.17073170731707318,0.2677165354330709,0.6544980443285529,0.03680555555555556
shared,0.0983,cross,baseline,1.0,medium,201,0.005416666666666667,0.0077777777777777776,0.013194444444444444,0.07692307692307693,0.1896551724137931,0.5992115637319316,0.042361111111111106
shared,0.0983,cross,baseline,1.0,medium,202,0.0059722222222222225,0.007638888888888889,0.01361111111111111,0.06976744186046512,0.20833333333333334,0.6272727272727273,0.03986111111111111
shared,0.0983,cross,baseline,1.0,medium,203,0.005555555555555556,0.008472222222222223,0.014027777777777778,0.15,0.25,0.6150845253576073,0.041111111111111105
shared,0.0983,cross,baseline,1.0,medium,204,0.006388888888888889,0.0075,0.013888888888888888,0.30434782608695654,0.21666666666666667,0.6138107416879796,0.04194444444444445
shared,0.0983,cross,baseline,1.0,medium,205,0.005,0.010416666666666666,0.015416666666666667,0.16666666666666666,0.21323529411764705,0.6206451612903225,0.04083333333333334
shared,0.0983,cross,baseline,1.0,medium,206,0.006388888888888889,0.009166666666666667,0.015555555555555555,0.13043478260869565,0.13385826771653545,0.5782556750298686,0.04902777777777778
shared,0.0983,cross,baseline,1.0,medium,207,0.005277777777777778,0.007222222222222222,0.0125,0.10526315789473684,0.2833333333333333,0.6159895150720839,0.04069444444444444
shared,0.0983,cross,baseline,1.0,medium,208,0.005138888888888889,0.008333333333333333,0.013472222222222222,0.13513513513513514,0.2421875,0.6456494325346784,0.03902777777777777
shared,0.0983,cross,baseline,1.0,strong,201,0.0043055555555555555,0.008611111111111111,0.012916666666666667,0.0,0.16037735849056603,0.5893536121673004,0.045000000000000005
shared,0.0983,cross,baseline,1.0,strong,202,0.0059722222222222225,0.009027777777777777,0.015,0.18604651162790697,0.13709677419354838,0.5722819593787336,0.04972222222222222
shared,0.0983,cross,baseline,1.0,strong,203,0.006527777777777778,0.00986111111111111,0.01638888888888889,0.10638297872340426,0.18840579710144928,0.5975757575757575,0.04611111111111111
shared,0.0983,cross,baseline,1.0,strong,204,0.0077777777777777776,0.00625,0.014027777777777778,0.14285714285714285,0.2440944881889764,0.5638820638820639,0.049305555555555554
shared,0.0983,cross,baseline,1.0,strong,205,0.006388888888888889,0.010138888888888888,0.016527777777777777,0.15217391304347827,0.21621621621621623,0.6048192771084338,0.045555555555555564
shared,0.0983,cross,baseline,1.0,strong,206,0.005,0.010138888888888888,0.01513888888888889,0.08333333333333333,0.10743801652892562,0.5606595995288575,0.051805555555555556
shared,0.0983,cross,baseline,1.0,strong,207,0.004027777777777778,0.00875,0.012777777777777779,0.06896551724137931,0.20175438596491227,0.6224489795918368,0.04111111111111111
shared,0.0983,cross,baseline,1.0,strong,208,0.004027777777777778,0.01138888888888889,0.015416666666666667,0.06896551724137931,0.1328125,0.6216867469879518,0.04361111111111112
shared,0.0983,cross,housing,1.0,weak,201,0.008888888888888889,0.012222222222222223,0.021111111111111112,0.25,0.270935960591133,0.6258234519104084,0.03944444444444445
shared,0.0983,cross,housing,1.0,weak,202,0.00986111111111111,0.014444444444444444,0.024305555555555556,0.2676056338028169,0.2576419213973799,0.6215538847117794,0.04194444444444445
shared,0.0983,cross,housing,1.0,weak,203,0.008611111111111111,0.014166666666666666,0.02277777777777778,0.20967741935483872,0.2534562211981567,0.6544980443285529,0.036805555555555564
shared,0.0983,cross,housing,1.0,weak,204,0.010833333333333334,0.013194444444444444,0.024027777777777776,0.32051282051282054,0.21844660194174756,0.6218274111675127,0.04138888888888889
shared,0.0983,cross,housing,1.0,weak,205,0.009583333333333333,0.01611111111111111,0.025694444444444443,0.2318840579710145,0.24568965517241378,0.6371571072319202,0.04041666666666667
shared,0.0983,cross,housing,1.0,weak,206,0.010416666666666666,0.01638888888888889,0.026805555555555555,0.18666666666666668,0.13636363636363635,0.611244019138756,0.04513888888888889
shared,0.0983,cross,housing,1.0,weak,207,0.007222222222222222,0.014444444444444444,0.021666666666666667,0.17307692307692307,0.233502538071066,0.6424870466321243,0.03833333333333333
shared,0.0983,cross,housing,1.0,weak,208,0.008055555555555555,0.013888888888888888,0.021944444444444444,0.29310344827586204,0.29577464788732394,0.6701030927835051,0.03555555555555556
shared,0.0983,cross,housing,1.0,medium,201,0.01,0.012638888888888889,0.02263888888888889,0.2222222222222222,0.25943396226415094,0.6104060913705583,0.042638888888888886
shared,0.0983,cross,housing,1.0,medium,202,0.011527777777777777,0.012083333333333333,0.02361111111111111,0.2891566265060241,0.30042918454935624,0.6054931335830213,0.04388888888888889
shared,0.0983,cross,housing,1.0,medium,203,0.009305555555555555,0.014722222222222222,0.024027777777777776,0.23880597014925373,0.24663677130044842,0.6268844221105527,0.04125
shared,0.0983,cross,housing,1.0,medium,204,0.010972222222222222,0.011944444444444445,0.022916666666666665,0.26582278481012656,0.23300970873786409,0.6012195121951219,0.04541666666666667
shared,0.0983,cross,housing,1.0,medium,205,0.009027777777777777,0.01625,0.025277777777777777,0.16923076923076924,0.22566371681415928,0.6134751773049646,0.04541666666666667
shared,0.0983,cross,housing,1.0,medium,206,0.011944444444444445,0.014305555555555556,0.02625,0.29069767441860467,0.21794871794871795,0.5813148788927336,0.05041666666666667
shared,0.0983,cross,housing,1.0,medium,207,0.011527777777777777,0.011805555555555555,0.023333333333333334,0.3373493975903614,0.2914798206278027,0.6267696267696268,0.04027777777777778
shared,0.0983,cross,housing,1.0,medium,208,0.010277777777777778,0.013472222222222222,0.02375,0.20270270270270271,0.27510917030567683,0.6244075829383886,0.04402777777777778
shared,0.0983,cross,housing,1.0,strong,201,0.0125,0.011111111111111112,0.02361111111111111,0.2777777777777778,0.2956521739130435,0.5793939393939394,0.04819444444444445
shared,0.0983,cross,housing,1.0,strong,202,0.01,0.0125,0.0225,0.2777777777777778,0.30180180180180183,0.5924112607099143,0.046250000000000006
shared,0.0983,cross,housing,1.0,strong,203,0.0125,0.010694444444444444,0.023194444444444445,0.28888888888888886,0.326271186440678,0.5912322274881516,0.04791666666666667
shared,0.0983,cross,housing,1.0,strong,204,0.012916666666666667,0.011666666666666667,0.024583333333333332,0.3655913978494624,0.2237442922374429,0.5964912280701754,0.04791666666666667
shared,0.0983,cross,housing,1.0,strong,205,0.012777777777777779,0.014583333333333334,0.02736111111111111,0.2608695652173913,0.23983739837398374,0.5822928490351873,0.051111111111111114
shared,0.0983,cross,housing,1.0,strong,206,0.012222222222222223,0.013333333333333334,0.025555555555555557,0.25,0.22270742358078602,0.5808656036446469,0.05111111111111111
shared,0.0983,cross,housing,1.0,strong,207,0.012916666666666667,0.012222222222222223,0.025138888888888888,0.3118279569892473,0.2672413793103448,0.6076732673267327,0.044027777777777784
shared,0.0983,cross,housing,1.0,strong,208,0.008333333333333333,0.014305555555555556,0.02263888888888889,0.25,0.2825112107623318,0.6374549819927972,0.04194444444444445
shared,0.0983,cross,employment,1.0,weak,201,0.00875,0.005277777777777778,0.014027777777777778,0.25396825396825395,0.5380952380952381,0.6308823529411764,0.034861111111111114
shared,0.0983,cross,employment,1.0,weak,202,0.007083333333333333,0.006805555555555555,0.013888888888888888,0.19607843137254902,0.5343137254901961,0.6291486291486291,0.035694444444444445
shared,0.0983,cross,employment,1.0,weak,203,0.007916666666666667,0.006111111111111111,0.014027777777777778,0.15789473684210525,0.5518867924528302,0.6131284916201117,0.038472222222222234
shared,0.0983,cross,employment,1.0,weak,204,0.007916666666666667,0.004583333333333333,0.0125,0.14035087719298245,0.5561497326203209,0.6101231190150479,0.03958333333333333
shared,0.0983,cross,employment,1.0,weak,205,0.007916666666666667,0.009305555555555555,0.017222222222222222,0.22807017543859648,0.4646017699115044,0.6263440860215054,0.03861111111111112
shared,0.0983,cross,employment,1.0,weak,206,0.010138888888888888,0.005138888888888889,0.015277777777777777,0.2328767123287671,0.5138888888888888,0.5989304812834224,0.041666666666666664
shared,0.0983,cross,employment,1.0,weak,207,0.008194444444444445,0.006666666666666667,0.014861111111111111,0.13559322033898305,0.5095238095238095,0.635846372688478,0.035555555555555556
shared,0.0983,cross,employment,1.0,weak,208,0.008055555555555555,0.0043055555555555555,0.012361111111111111,0.20689655172413793,0.6116071428571429,0.6361185983827493,0.0375
shared,0.0983,cross,employment,1.0,medium,201,0.007361111111111111,0.007083333333333333,0.014444444444444444,0.1320754716981132,0.5,0.601115760111576,0.03972222222222222
shared,0.0983,cross,employment,1.0,medium,202,0.009583333333333333,0.004166666666666667,0.01375,0.21739130434782608,0.5720930232558139,0.5991620111731844,0.03986111111111112
shared,0.0983,cross,employment,1.0,medium,203,0.010138888888888888,0.004583333333333333,0.014722222222222222,0.2328767123287671,0.5545454545454546,0.5945241199478487,0.04319444444444445
shared,0.0983,cross,employment,1.0,medium,204,0.010555555555555556,0.005555555555555556,0.01611111111111111,0.19736842105263158,0.4595959595959596,0.61328125,0.04125
shared,0.0983,cross,employment,1.0,medium,205,0.009305555555555555,0.007083333333333333,0.01638888888888889,0.22388059701492538,0.5106382978723404,0.5956632653061225,0.04402777777777778
shared,0.0983,cross,employment,1.0,medium,206,0.00986111111111111,0.006388888888888889,0.01625,0.15492957746478872,0.46859903381642515,0.5970744680851063,0.042083333333333334
shared,0.0983,cross,employment,1.0,medium,207,0.008472222222222223,0.006666666666666667,0.01513888888888889,0.19672131147540983,0.5070422535211268,0.6122448979591837,0.03958333333333333
shared,0.0983,cross,employment,1.0,medium,208,0.009444444444444445,0.00375,0.013194444444444444,0.1323529411764706,0.5973451327433629,0.6243315508021391,0.03902777777777778
shared,0.0983,cross,employment,1.0,strong,201,0.01,0.003472222222222222,0.013472222222222222,0.20833333333333334,0.5707547169811321,0.5516795865633075,0.04819444444444445
shared,0.0983,cross,employment,1.0,strong,202,0.009583333333333333,0.0044444444444444444,0.014027777777777778,0.2463768115942029,0.5656108597285068,0.5794871794871795,0.04555555555555555
shared,0.0983,cross,employment,1.0,strong,203,0.010833333333333334,0.005416666666666667,0.01625,0.24358974358974358,0.5234042553191489,0.5757575757575758,0.04666666666666667
shared,0.0983,cross,employment,1.0,strong,204,0.010555555555555556,0.0044444444444444444,0.015,0.09210526315789473,0.4897959183673469,0.5644171779141104,0.04930555555555555
shared,0.0983,cross,employment,1.0,strong,205,0.008333333333333333,0.0075,0.015833333333333335,0.18333333333333332,0.5066666666666667,0.5832274459974587,0.04555555555555555
shared,0.0983,cross,employment,1.0,strong,206,0.010694444444444444,0.005555555555555556,0.01625,0.24675324675324675,0.4784688995215311,0.5691158156911582,0.04805555555555557
shared,0.0983,cross,employment,1.0,strong,207,0.008333333333333333,0.006666666666666667,0.015,0.15,0.4950980392156863,0.5962059620596206,0.041388888888888885
shared,0.0983,cross,employment,1.0,strong,208,0.009722222222222222,0.003472222222222222,0.013194444444444444,0.14285714285714285,0.6,0.5848563968668408,0.04416666666666667
shared,0.0983,cross,combined,1.0,weak,201,0.016527777777777777,0.00875,0.025277777777777777,0.33613445378151263,0.5112994350282486,0.5905292479108635,0.04083333333333333
shared,0.0983,cross,combined,1.0,weak,202,0.018055555555555554,0.007916666666666667,0.025972222222222223,0.3076923076923077,0.5396825396825397,0.5554072096128171,0.046250000000000006
shared,0.0983,cross,combined,1.0,weak,203,0.01888888888888889,0.010416666666666666,0.029305555555555557,0.375,0.49742268041237114,0.5620253164556962,0.04805555555555555
shared,0.0983,cross,combined,1.0,weak,204,0.01902777777777778,0.00986111111111111,0.028888888888888888,0.41605839416058393,0.46994535519125685,0.589974293059126,0.04430555555555556
shared,0.0983,cross,combined,1.0,weak,205,0.0175,0.012777777777777779,0.03027777777777778,0.3888888888888889,0.46736292428198434,0.5952380952380952,0.04486111111111111
shared,0.0983,cross,combined,1.0,weak,206,0.016944444444444446,0.012222222222222223,0.029166666666666667,0.3114754098360656,0.44986449864498645,0.5786082474226805,0.04541666666666667
shared,0.0983,cross,combined,1.0,weak,207,0.018194444444444444,0.009027777777777777,0.02722222222222222,0.2824427480916031,0.5013550135501355,0.5714285714285714,0.045000000000000005
shared,0.0983,cross,combined,1.0,weak,208,0.017777777777777778,0.00875,0.02652777777777778,0.4609375,0.5306666666666666,0.5810983397190294,0.045555555555555564
shared,0.0983,cross,combined,1.0,medium,201,0.017638888888888888,0.010555555555555556,0.028194444444444446,0.30708661417322836,0.4553072625698324,0.5535939470365699,0.049166666666666664
shared,0.0983,cross,combined,1.0,medium,202,0.02013888888888889,0.006666666666666667,0.026805555555555555,0.35172413793103446,0.56,0.5445161290322581,0.049027777777777774
shared,0.0983,cross,combined,1.0,medium,203,0.018472222222222223,0.008055555555555555,0.02652777777777778,0.3684210526315789,0.539440203562341,0.5498721227621484,0.04888888888888889
shared,0.0983,cross,combined,1.0,medium,204,0.020277777777777777,0.009583333333333333,0.029861111111111113,0.4589041095890411,0.47668393782383417,0.5562422744128553,0.04986111111111111
shared,0.0983,cross,combined,1.0,medium,205,0.018333333333333333,0.009444444444444445,0.027777777777777776,0.42424242424242425,0.5115089514066496,0.57875,0.046805555555555566
shared,0.0983,cross,combined,1.0,medium,206,0.018194444444444444,0.01125,0.029444444444444443,0.26717557251908397,0.4627659574468085,0.5479951397326853,0.051666666666666666
shared,0.0983,cross,combined,1.0,medium,207,0.017222222222222222,0.01,0.02722222222222222,0.27419354838709675,0.4891304347826087,0.5806451612903226,0.04513888888888889
shared,0.0983,cross,combined,1.0,medium,208,0.01625,0.00875,0.025,0.358974358974359,0.5502645502645502,0.593198992443325,0.04486111111111112
shared,0.0983,cross,combined,1.0,strong,201,0.019583333333333335,0.006944444444444444,0.02652777777777778,0.375886524822695,0.505464480874317,0.539227895392279,0.051388888888888894
shared,0.0983,cross,combined,1.0,strong,202,0.020833333333333332,0.005416666666666667,0.02625,0.4533333333333333,0.5586034912718204,0.5054945054945055,0.05625
shared,0.0983,cross,combined,1.0,strong,203,0.021944444444444444,0.00625,0.028194444444444446,0.3987341772151899,0.5511627906976744,0.5187032418952618,0.053611111111111116
shared,0.0983,cross,combined,1.0,strong,204,0.02361111111111111,0.005694444444444445,0.029305555555555557,0.4588235294117647,0.5172413793103449,0.5437956204379562,0.052083333333333336
shared,0.0983,cross,combined,1.0,strong,205,0.02375,0.005833333333333334,0.029583333333333333,0.4444444444444444,0.5264367816091954,0.5345238095238095,0.05430555555555556
shared,0.0983,cross,combined,1.0,strong,206,0.025694444444444443,0.0075,0.03319444444444444,0.40540540540540543,0.4818181818181818,0.505800464037123,0.059166666666666666
shared,0.0983,cross,combined,1.0,strong,207,0.020277777777777777,0.0059722222222222225,0.02625,0.4041095890410959,0.5470737913486005,0.526774595267746,0.05277777777777778
shared,0.0983,cross,combined,1.0,strong,208,0.02263888888888889,0.005138888888888889,0.027777777777777776,0.49693251533742333,0.5563725490196079,0.5334846765039728,0.05708333333333332
shared,0.0983,sweep,combined,0.5,medium,301,0.0077777777777777776,0.008472222222222223,0.01625,0.19642857142857142,0.4365482233502538,0.6032388663967612,0.04083333333333333
shared,0.0983,sweep,combined,0.5,medium,302,0.010694444444444444,0.009583333333333333,0.020277777777777777,0.3116883116883117,0.3640552995391705,0.6155778894472361,0.0425
shared,0.0983,sweep,combined,0.5,medium,303,0.010555555555555556,0.008611111111111111,0.019166666666666665,0.27631578947368424,0.38317757009345793,0.630188679245283,0.04083333333333334
shared,0.0983,sweep,combined,0.5,medium,304,0.012361111111111111,0.009583333333333333,0.021944444444444444,0.29213483146067415,0.3181818181818182,0.6038709677419355,0.042638888888888886
shared,0.0983,sweep,combined,0.5,medium,305,0.010972222222222222,0.00875,0.01972222222222222,0.3291139240506329,0.38073394495412843,0.6111111111111112,0.043750000000000004
shared,0.0983,sweep,combined,0.5,medium,306,0.010416666666666666,0.009305555555555555,0.01972222222222222,0.21333333333333335,0.3881278538812785,0.6106870229007634,0.0425
shared,0.0983,sweep,combined,0.5,medium,307,0.010555555555555556,0.009305555555555555,0.01986111111111111,0.2631578947368421,0.35071090047393366,0.6075949367088608,0.04305555555555556
shared,0.0983,sweep,combined,0.5,medium,308,0.011527777777777777,0.006111111111111111,0.017638888888888888,0.2289156626506024,0.424390243902439,0.5894465894465895,0.04430555555555556
shared,0.0983,sweep,combined,1.0,medium,301,0.016944444444444446,0.006666666666666667,0.02361111111111111,0.20491803278688525,0.5444444444444444,0.541994750656168,0.04847222222222222
shared,0.0983,sweep,combined,1.0,medium,302,0.021805555555555557,0.008055555555555555,0.029861111111111113,0.3885350318471338,0.48854961832061067,0.5652709359605911,0.04902777777777778
shared,0.0983,sweep,combined,1.0,medium,303,0.01888888888888889,0.009166666666666667,0.028055555555555556,0.35294117647058826,0.47513812154696133,0.5967130214917825,0.04430555555555556
shared,0.0983,sweep,combined,1.0,medium,304,0.022222222222222223,0.00875,0.030972222222222224,0.43125,0.4417989417989418,0.5580524344569289,0.049166666666666664
shared,0.0983,sweep,combined,1.0,medium,305,0.01888888888888889,0.0075,0.02638888888888889,0.38235294117647056,0.5068870523415978,0.5485074626865671,0.050416666666666665
shared,0.0983,sweep,combined,1.0,medium,306,0.017638888888888888,0.010694444444444444,0.028333333333333332,0.36220472440944884,0.5,0.577120822622108,0.04569444444444445
shared,0.0983,sweep,combined,1.0,medium,307,0.017638888888888888,0.008194444444444445,0.025833333333333333,0.2992125984251969,0.5068870523415978,0.5578144853875476,0.04833333333333333
shared,0.0983,sweep,combined,1.0,medium,308,0.018333333333333333,0.007222222222222222,0.025555555555555557,0.3409090909090909,0.520891364902507,0.5395590142671854,0.04930555555555557
shared,0.0983,sweep,combined,1.5,medium,301,0.03125,0.005138888888888889,0.03638888888888889,0.5466666666666666,0.5996705107084019,0.4491634491634492,0.059444444444444446
shared,0.0983,sweep,combined,1.5,medium,302,0.03611111111111111,0.00625,0.04236111111111111,0.5230769230769231,0.5781710914454278,0.4629404617253949,0.0613888888888889
shared,0.0983,sweep,combined,1.5,medium,303,0.0325,0.006666666666666667,0.03916666666666667,0.5299145299145299,0.5919003115264797,0.47911227154047,0.05541666666666668
shared,0.0983,sweep,combined,1.5,medium,304,0.03986111111111111,0.008055555555555555,0.04791666666666667,0.6167247386759582,0.5158850226928896,0.4457831325301205,0.06388888888888888
shared,0.0983,sweep,combined,1.5,medium,305,0.03652777777777778,0.006666666666666667,0.043194444444444445,0.5665399239543726,0.5688888888888889,0.438489646772229,0.06402777777777778
shared,0.0983,sweep,combined,1.5,medium,306,0.03305555555555555,0.01125,0.044305555555555556,0.5546218487394958,0.5396341463414634,0.4822085889570552,0.05861111111111111
shared,0.0983,sweep,combined,1.5,medium,307,0.034166666666666665,0.007638888888888889,0.041805555555555554,0.4878048780487805,0.5765069551777434,0.4518987341772152,0.06013888888888889
shared,0.0983,sweep,combined,1.5,medium,308,0.03236111111111111,0.006666666666666667,0.03902777777777778,0.51931330472103,0.5746031746031746,0.4444444444444444,0.05833333333333334
shared,0.0983,sweep,combined,2.0,medium,301,0.05138888888888889,0.005,0.05638888888888889,0.6783783783783783,0.6299212598425197,0.31748071979434445,0.07374999999999998
shared,0.0983,sweep,combined,2.0,medium,302,0.05541666666666667,0.0059722222222222225,0.06138888888888889,0.6917293233082706,0.6203110704483074,0.3204819277108434,0.07833333333333332
shared,0.0983,sweep,combined,2.0,medium,303,0.05402777777777778,0.00625,0.06027777777777778,0.6812339331619537,0.6161228406909789,0.33043478260869563,0.07486111111111111
shared,0.0983,sweep,combined,2.0,medium,304,0.06166666666666667,0.0075,0.06916666666666667,0.7297297297297297,0.5707720588235294,0.3222354340071344,0.07916666666666668
shared,0.0983,sweep,combined,2.0,medium,305,0.05430555555555556,0.006111111111111111,0.06041666666666667,0.7161125319693095,0.6310947562097516,0.3137973137973138,0.07805555555555556
shared,0.0983,sweep,combined,2.0,medium,306,0.05569444444444444,0.007638888888888889,0.06333333333333334,0.6982543640897756,0.5986842105263158,0.31901840490797545,0.07708333333333334
shared,0.0983,sweep,combined,2.0,medium,307,0.05444444444444444,0.0077777777777777776,0.06222222222222222,0.701530612244898,0.6174812030075187,0.31852791878172587,0.07458333333333333
shared,0.0983,sweep,combined,2.0,medium,308,0.056805555555555554,0.005,0.06180555555555556,0.7017114914425427,0.6171003717472119,0.301143583227446,0.0763888888888889
shared,0.0983,sweep,combined,2.5,medium,301,0.07652777777777778,0.005416666666666667,0.08194444444444444,0.7894736842105263,0.6507329509241555,0.20359281437125748,0.09236111111111112
shared,0.0983,sweep,combined,2.5,medium,302,0.08361111111111111,0.01,0.09361111111111112,0.8239202657807309,0.5939704939063503,0.2283205268935236,0.09763888888888889
shared,0.0983,sweep,combined,2.5,medium,303,0.07777777777777778,0.008194444444444445,0.08597222222222223,0.8357142857142857,0.6346886912325286,0.21497584541062803,0.09027777777777778
shared,0.0983,sweep,combined,2.5,medium,304,0.08319444444444445,0.009027777777777777,0.09222222222222222,0.8213689482470785,0.6006410256410256,0.2222222222222222,0.09527777777777778
shared,0.0983,sweep,combined,2.5,medium,305,0.07958333333333334,0.011111111111111112,0.09069444444444444,0.8254799301919721,0.6109324758842444,0.2190366972477064,0.09458333333333334
shared,0.0983,sweep,combined,2.5,medium,306,0.08236111111111111,0.008888888888888889,0.09125,0.8263069139966274,0.6137800252844501,0.20436280137772675,0.09625000000000002
shared,0.0983,sweep,combined,2.5,medium,307,0.07694444444444444,0.009166666666666667,0.08611111111111111,0.7978339350180506,0.6372732958098811,0.19976076555023922,0.09291666666666666
shared,0.0983,sweep,combined,2.5,medium,308,0.07972222222222222,0.006388888888888889,0.08611111111111111,0.7979094076655052,0.6302952503209243,0.1792452830188679,0.09666666666666666
shared,0.0983,sweep,combined,3.0,medium,301,0.09333333333333334,0.015277777777777777,0.10861111111111112,0.8452380952380952,0.6384653221839646,0.18369565217391304,0.10430555555555554
shared,0.0983,sweep,combined,3.0,medium,302,0.09430555555555556,0.0225,0.11680555555555555,0.8571428571428571,0.6027054108216433,0.22551020408163266,0.10541666666666667
shared,0.0983,sweep,combined,3.0,medium,303,0.09291666666666666,0.018194444444444444,0.1111111111111111,0.8609865470852018,0.6339329120077783,0.1965255157437568,0.10277777777777776
shared,0.0983,sweep,combined,3.0,medium,304,0.09958333333333333,0.018333333333333333,0.11791666666666667,0.8577405857740585,0.602589641434263,0.21384928716904278,0.1072222222222222
shared,0.0983,sweep,combined,3.0,medium,305,0.09402777777777778,0.01902777777777778,0.11305555555555556,0.8700147710487445,0.6232169208066897,0.21008403361344538,0.10444444444444445
shared,0.0983,sweep,combined,3.0,medium,306,0.09305555555555556,0.021111111111111112,0.11416666666666667,0.8641791044776119,0.6027678113787801,0.2203567681007345,0.10319444444444444
shared,0.0983,sweep,combined,3.0,medium,307,0.09430555555555556,0.01861111111111111,0.11291666666666667,0.8586156111929307,0.6203980099502487,0.19509594882729211,0.10486111111111109
shared,0.0983,sweep,combined,3.0,medium,308,0.09388888888888888,0.015694444444444445,0.10958333333333334,0.841715976331361,0.628943415122684,0.1939978563772776,0.10444444444444444
shared,0.0983,sweep,combined,3.5,medium,301,0.09875,0.024027777777777776,0.12277777777777778,0.8720112517580872,0.6680064308681672,0.21123829344432882,0.10527777777777776
shared,0.0983,sweep,combined,3.5,medium,302,0.09763888888888889,0.032916666666666664,0.13055555555555556,0.8918918918918919,0.6187419768934531,0.2625250501002004,0.10222222222222221
shared,0.0983,sweep,combined,3.5,medium,303,0.09666666666666666,0.02847222222222222,0.12513888888888888,0.8908045977011494,0.644593461860855,0.2418848167539267,0.10055555555555556
shared,0.0983,sweep,combined,3.5,medium,304,0.10125,0.030833333333333334,0.13208333333333333,0.897119341563786,0.5965858041329739,0.2507345739471107,0.10625
shared,0.0983,sweep,combined,3.5,medium,305,0.09694444444444444,0.029027777777777777,0.12597222222222224,0.8767908309455588,0.6377551020408163,0.24148296593186372,0.10513888888888889
shared,0.0983,sweep,combined,3.5,medium,306,0.09555555555555556,0.034444444444444444,0.13,0.875,0.609271523178808,0.27380952380952384,0.10166666666666667
shared,0.0983,sweep,combined,3.5,medium,307,0.0973611111111111,0.02875,0.12611111111111112,0.8530670470756063,0.6351638995317156,0.23770491803278687,0.10333333333333333
shared,0.0983,sweep,combined,3.5,medium,308,0.1,0.0275,0.1275,0.8763888888888889,0.6281169389509889,0.23248730964467004,0.10499999999999998
shared,0.0983,sweep,combined,4.0,medium,301,0.09902777777777778,0.035138888888888886,0.13416666666666666,0.8934081346423562,0.651313285116102,0.26646706586826346,0.10208333333333335
shared,0.0983,sweep,combined,4.0,medium,302,0.09777777777777778,0.04111111111111111,0.1388888888888889,0.8735795454545454,0.6244094488188976,0.2968299711815562,0.10166666666666667
shared,0.0983,sweep,combined,4.0,medium,303,0.09833333333333333,0.03361111111111111,0.13194444444444445,0.864406779661017,0.6600449775112444,0.26289180990899896,0.10125
shared,0.0983,sweep,combined,4.0,medium,304,0.10180555555555555,0.03888888888888889,0.14069444444444446,0.897680763983629,0.6016494845360825,0.28053435114503816,0.10472222222222222
shared,0.0983,sweep,combined,4.0,medium,305,0.09833333333333333,0.03819444444444445,0.13652777777777778,0.8954802259887006,0.6463834672789897,0.2763671875,0.10291666666666666
shared,0.0983,sweep,combined,4.0,medium,306,0.0973611111111111,0.03833333333333333,0.13569444444444445,0.884450784593438,0.640937019969278,0.28388998035363455,0.10124999999999999
shared,0.0983,sweep,combined,4.0,medium,307,0.10013888888888889,0.035138888888888886,0.13527777777777777,0.8904299583911235,0.6484434320425209,0.26300294406280667,0.10430555555555558
shared,0.0983,sweep,combined,4.0,medium,308,0.09861111111111111,0.03652777777777778,0.1351388888888889,0.9028169014084507,0.6391389432485323,0.2756916996047431,0.10180555555555555
shared,0.0983,sweep,combined,5.0,medium,301,0.10125,0.04416666666666667,0.14541666666666667,0.8861454046639232,0.6491166077738516,0.3032863849765258,0.10305555555555553
shared,0.0983,sweep,combined,5.0,medium,302,0.09916666666666667,0.051666666666666666,0.15083333333333335,0.8809523809523809,0.6260338007910824,0.3421774931381519,0.09986111111111112
shared,0.0983,sweep,combined,5.0,medium,303,0.10152777777777777,0.04652777777777778,0.14805555555555555,0.8974008207934336,0.6488178025034771,0.31627906976744186,0.10208333333333335
shared,0.0983,sweep,combined,5.0,medium,304,0.10388888888888889,0.04847222222222222,0.1523611111111111,0.8970588235294118,0.5936285936285937,0.3209764918625678,0.10430555555555554
shared,0.0983,sweep,combined,5.0,medium,305,0.09986111111111111,0.04847222222222222,0.14833333333333334,0.9123783031988874,0.6398862424457874,0.32287822878228783,0.10194444444444446
shared,0.0983,sweep,combined,5.0,medium,306,0.10319444444444445,0.052222222222222225,0.15541666666666668,0.9111709286675639,0.6228753541076487,0.3342151675485009,0.10486111111111111
shared,0.0983,sweep,combined,5.0,medium,307,0.10125,0.04902777777777778,0.1502777777777778,0.8984910836762688,0.6396775324220119,0.32570905763952424,0.10236111111111111
shared,0.0983,sweep,combined,5.0,medium,308,0.10388888888888889,0.04569444444444445,0.14958333333333335,0.910427807486631,0.6378454996456414,0.3049907578558225,0.10444444444444445
shared,0.0983,sweep,combined,6.0,medium,301,0.10347222222222222,0.049305555555555554,0.1527777777777778,0.8926174496644296,0.6326171187037689,0.32184950135992746,0.10388888888888888
shared,0.0983,sweep,combined,6.0,medium,302,0.10291666666666667,0.05722222222222222,0.1601388888888889,0.9068825910931174,0.6026753434562545,0.35701906412478335,0.10305555555555555
shared,0.0983,sweep,combined,6.0,medium,303,0.10222222222222223,0.05444444444444444,0.15666666666666668,0.8980978260869565,0.6209449929478138,0.3471731448763251,0.10263888888888888
shared,0.0983,sweep,combined,6.0,medium,304,0.10444444444444445,0.055,0.15944444444444444,0.8962765957446809,0.566521910777734,0.3434518647007806,0.10513888888888889
shared,0.0983,sweep,combined,6.0,medium,305,0.10083333333333333,0.05430555555555556,0.15513888888888888,0.8925619834710744,0.6221671388101983,0.3493761140819964,0.1013888888888889
shared,0.0983,sweep,combined,6.0,medium,306,0.10305555555555555,0.058055555555555555,0.16111111111111112,0.898921832884097,0.6029359112065878,0.36168384879725085,0.10319444444444442
shared,0.0983,sweep,combined,6.0,medium,307,0.10402777777777777,0.05361111111111111,0.15763888888888888,0.9225634178905207,0.623208668297798,0.33917616126205086,0.10472222222222222
shared,0.0983,sweep,combined,6.0,medium,308,0.10416666666666667,0.05388888888888889,0.15805555555555556,0.9173333333333333,0.6060051263273526,0.34035087719298246,0.10444444444444445
shared,0.0983,sweep,baseline,0.0,medium,301,0.004166666666666667,0.009166666666666667,0.013333333333333334,0.3,0.211864406779661,0.6176853055916776,0.04083333333333334
shared,0.0983,sweep,baseline,0.0,medium,302,0.0059722222222222225,0.009166666666666667,0.01513888888888889,0.09302325581395349,0.16129032258064516,0.6090584028605482,0.045555555555555564
shared,0.0983,sweep,baseline,0.0,medium,303,0.004861111111111111,0.008611111111111111,0.013472222222222222,0.17142857142857143,0.1794871794871795,0.6227848101265823,0.041388888888888885
shared,0.0983,sweep,baseline,0.0,medium,304,0.006666666666666667,0.009027777777777777,0.015694444444444445,0.16666666666666666,0.15503875968992248,0.623641304347826,0.03847222222222222
shared,0.0983,sweep,baseline,0.0,medium,305,0.005833333333333334,0.008472222222222223,0.014305555555555556,0.21428571428571427,0.1391304347826087,0.5989847715736041,0.04388888888888889
shared,0.0983,sweep,baseline,0.0,medium,306,0.005833333333333334,0.007638888888888889,0.013472222222222222,0.19047619047619047,0.21666666666666667,0.6328125,0.039166666666666676
shared,0.0983,sweep,baseline,0.0,medium,307,0.005277777777777778,0.008888888888888889,0.014166666666666666,0.07894736842105263,0.16666666666666666,0.5950310559006211,0.04527777777777777
shared,0.0983,sweep,baseline,0.0,medium,308,0.005833333333333334,0.0059722222222222225,0.011805555555555555,0.07142857142857142,0.26785714285714285,0.6205059920106525,0.03958333333333334
scaled,0.0691,cross,baseline,1.0,weak,201,0.005416666666666667,0.007916666666666667,0.013333333333333334,0.1794871794871795,0.0,0.6393210749646393,0.035416666666666666
scaled,0.0691,cross,baseline,1.0,weak,202,0.004027777777777778,0.00875,0.012777777777777779,0.1724137931034483,0.0,0.6336499321573948,0.037500000000000006
scaled,0.0691,cross,baseline,1.0,weak,203,0.005277777777777778,0.0077777777777777776,0.013055555555555556,0.21052631578947367,0.0,0.623574144486692,0.04125
scaled,0.0691,cross,baseline,1.0,weak,204,0.005,0.0059722222222222225,0.010972222222222222,0.1111111111111111,0.05,0.6211920529801325,0.03972222222222223
scaled,0.0691,cross,baseline,1.0,weak,205,0.005416666666666667,0.009027777777777777,0.014444444444444444,0.10256410256410256,0.009900990099009901,0.6398467432950191,0.03916666666666666
scaled,0.0691,cross,baseline,1.0,weak,206,0.005138888888888889,0.008472222222222223,0.01361111111111111,0.13513513513513514,0.0,0.6064935064935065,0.042083333333333334
scaled,0.0691,cross,baseline,1.0,weak,207,0.0038888888888888888,0.007222222222222222,0.011111111111111112,0.07142857142857142,0.0,0.6356050069541029,0.03638888888888889
scaled,0.0691,cross,baseline,1.0,weak,208,0.006111111111111111,0.008333333333333333,0.014444444444444444,0.06818181818181818,0.0,0.6670967741935484,0.035833333333333335
scaled,0.0691,cross,baseline,1.0,medium,201,0.006388888888888889,0.007638888888888889,0.014027777777777778,0.15217391304347827,0.0,0.5869281045751634,0.04388888888888889
scaled,0.0691,cross,baseline,1.0,medium,202,0.00625,0.008611111111111111,0.014861111111111111,0.15555555555555556,0.009345794392523364,0.5974193548387097,0.043333333333333335
scaled,0.0691,cross,baseline,1.0,medium,203,0.005,0.007638888888888889,0.012638888888888889,0.1111111111111111,0.011111111111111112,0.5992601726263872,0.04513888888888889
scaled,0.0691,cross,baseline,1.0,medium,204,0.005694444444444445,0.006111111111111111,0.011805555555555555,0.0975609756097561,0.0,0.6090909090909091,0.04180555555555555
scaled,0.0691,cross,baseline,1.0,medium,205,0.006527777777777778,0.009305555555555555,0.015833333333333335,0.19148936170212766,0.0,0.6173913043478261,0.042777777777777776
scaled,0.0691,cross,baseline,1.0,medium,206,0.005833333333333334,0.008333333333333333,0.014166666666666666,0.11904761904761904,0.0,0.5843672456575683,0.04652777777777778
scaled,0.0691,cross,baseline,1.0,medium,207,0.0059722222222222225,0.006805555555555555,0.012777777777777779,0.09302325581395349,0.0,0.613965744400527,0.04069444444444445
scaled,0.0691,cross,baseline,1.0,medium,208,0.005,0.007916666666666667,0.012916666666666667,0.05555555555555555,0.0,0.6177884615384616,0.04416666666666667
scaled,0.0691,cross,baseline,1.0,strong,201,0.005277777777777778,0.0077777777777777776,0.013055555555555556,0.21052631578947367,0.0,0.577120822622108,0.04569444444444445
scaled,0.0691,cross,baseline,1.0,strong,202,0.006527777777777778,0.008888888888888889,0.015416666666666667,0.0851063829787234,0.0,0.5614250614250614,0.04958333333333334
scaled,0.0691,cross,baseline,1.0,strong,203,0.006111111111111111,0.007916666666666667,0.014027777777777778,0.06818181818181818,0.0,0.5804195804195804,0.049999999999999996
scaled,0.0691,cross,baseline,1.0,strong,204,0.008611111111111111,0.00625,0.014861111111111111,0.20967741935483872,0.0,0.5942211055276382,0.04486111111111111
scaled,0.0691,cross,baseline,1.0,strong,205,0.006527777777777778,0.009305555555555555,0.015833333333333335,0.10638297872340426,0.0,0.5952095808383233,0.04694444444444445
scaled,0.0691,cross,baseline,1.0,strong,206,0.006388888888888889,0.008055555555555555,0.014444444444444444,0.08695652173913043,0.0,0.5714285714285714,0.049166666666666664
scaled,0.0691,cross,baseline,1.0,strong,207,0.005,0.006666666666666667,0.011666666666666667,0.19444444444444445,0.0,0.599476439790576,0.0425
scaled,0.0691,cross,baseline,1.0,strong,208,0.007361111111111111,0.007916666666666667,0.015277777777777777,0.11320754716981132,0.009433962264150943,0.6098707403055229,0.04611111111111111
scaled,0.0691,cross,housing,1.0,weak,201,0.009166666666666667,0.013888888888888888,0.023055555555555555,0.15151515151515152,0.012345679012345678,0.6192411924119241,0.03902777777777778
scaled,0.0691,cross,housing,1.0,weak,202,0.01125,0.015,0.02625,0.32098765432098764,0.0,0.6033810143042913,0.04236111111111112
scaled,0.0691,cross,housing,1.0,weak,203,0.011805555555555555,0.015277777777777777,0.027083333333333334,0.35294117647058826,0.016129032258064516,0.607487922705314,0.045138888888888895
scaled,0.0691,cross,housing,1.0,weak,204,0.01125,0.012916666666666667,0.024166666666666666,0.2839506172839506,0.0,0.6053299492385786,0.04319444444444445
scaled,0.0691,cross,housing,1.0,weak,205,0.013472222222222222,0.01638888888888889,0.029861111111111113,0.3402061855670103,0.014634146341463415,0.6107711138310894,0.04416666666666667
scaled,0.0691,cross,housing,1.0,weak,206,0.009305555555555555,0.014861111111111111,0.024166666666666666,0.14925373134328357,0.0,0.6066411238825032,0.042777777777777776
scaled,0.0691,cross,housing,1.0,weak,207,0.010416666666666666,0.014027777777777778,0.024444444444444446,0.24,0.006024096385542169,0.639344262295082,0.03666666666666666
scaled,0.0691,cross,housing,1.0,weak,208,0.00986111111111111,0.01611111111111111,0.025972222222222223,0.22535211267605634,0.0,0.6483790523690773,0.03916666666666666
scaled,0.0691,cross,housing,1.0,medium,201,0.010972222222222222,0.014027777777777778,0.025,0.25316455696202533,0.005813953488372093,0.5874035989717223,0.044583333333333336
scaled,0.0691,cross,housing,1.0,medium,202,0.012777777777777779,0.014722222222222222,0.0275,0.33695652173913043,0.020618556701030927,0.5821656050955414,0.04555555555555555
scaled,0.0691,cross,housing,1.0,medium,203,0.010694444444444444,0.015277777777777777,0.025972222222222223,0.2077922077922078,0.016483516483516484,0.6188118811881188,0.042777777777777776
scaled,0.0691,cross,housing,1.0,medium,204,0.011111111111111112,0.012777777777777779,0.02388888888888889,0.3125,0.006097560975609756,0.6025477707006369,0.043333333333333335
scaled,0.0691,cross,housing,1.0,medium,205,0.0125,0.01625,0.02875,0.28888888888888886,0.01951219512195122,0.5988023952095808,0.04652777777777777
scaled,0.0691,cross,housing,1.0,medium,206,0.011944444444444445,0.014722222222222222,0.02666666666666667,0.1744186046511628,0.0,0.5764139590854392,0.0488888888888889
scaled,0.0691,cross,housing,1.0,medium,207,0.009305555555555555,0.014166666666666666,0.02347222222222222,0.29850746268656714,0.0,0.60546875,0.042083333333333334
scaled,0.0691,cross,housing,1.0,medium,208,0.012222222222222223,0.01638888888888889,0.02861111111111111,0.45454545454545453,0.0,0.6090047393364929,0.04583333333333334
scaled,0.0691,cross,housing,1.0,strong,201,0.0125,0.013888888888888888,0.02638888888888889,0.34444444444444444,0.011111111111111112,0.5728643216080402,0.04722222222222223
scaled,0.0691,cross,housing,1.0,strong,202,0.01375,0.014444444444444444,0.028194444444444446,0.3333333333333333,0.0,0.5845771144278606,0.04638888888888889
scaled,0.0691,cross,housing,1.0,strong,203,0.014166666666666666,0.015277777777777777,0.029444444444444443,0.4019607843137255,0.01932367149758454,0.5896834701055099,0.04861111111111111
scaled,0.0691,cross,housing,1.0,strong,204,0.0125,0.012777777777777779,0.025277777777777777,0.2222222222222222,0.005649717514124294,0.5871446229913473,0.04638888888888889
scaled,0.0691,cross,housing,1.0,strong,205,0.010277777777777778,0.016527777777777777,0.026805555555555555,0.22972972972972974,0.005319148936170213,0.5782857142857143,0.05125
scaled,0.0691,cross,housing,1.0,strong,206,0.015694444444444445,0.014722222222222222,0.030416666666666668,0.3893805309734513,0.013824884792626729,0.5495391705069125,0.05430555555555556
scaled,0.0691,cross,housing,1.0,strong,207,0.011944444444444445,0.014166666666666666,0.026111111111111113,0.12790697674418605,0.0,0.6095979247730221,0.04180555555555555
scaled,0.0691,cross,housing,1.0,strong,208,0.012083333333333333,0.01597222222222222,0.028055555555555556,0.3793103448275862,0.005208333333333333,0.6068883610451307,0.04597222222222222
scaled,0.0691,cross,employment,1.0,weak,201,0.008888888888888889,0.014027777777777778,0.022916666666666665,0.234375,0.10734463276836158,0.6429587482219061,0.03486111111111111
scaled,0.0691,cross,employment,1.0,weak,202,0.01125,0.01375,0.025,0.2962962962962963,0.1116751269035533,0.6061007957559682,0.04125
scaled,0.0691,cross,employment,1.0,weak,203,0.011666666666666667,0.01611111111111111,0.027777777777777776,0.2976190476190476,0.06372549019607843,0.6118665018541409,0.04361111111111111
scaled,0.0691,cross,employment,1.0,weak,204,0.012361111111111111,0.014166666666666666,0.02652777777777778,0.3258426966292135,0.046875,0.6168831168831169,0.04097222222222222
scaled,0.0691,cross,employment,1.0,weak,205,0.011527777777777777,0.018194444444444444,0.029722222222222223,0.39759036144578314,0.03317535545023697,0.6260978670012547,0.04138888888888889
scaled,0.0691,cross,employment,1.0,weak,206,0.010972222222222222,0.015555555555555555,0.02652777777777778,0.22784810126582278,0.047619047619047616,0.6043533930857875,0.042916666666666665
scaled,0.0691,cross,employment,1.0,weak,207,0.00986111111111111,0.01597222222222222,0.025833333333333333,0.23943661971830985,0.016216216216216217,0.6405405405405405,0.03694444444444444
scaled,0.0691,cross,employment,1.0,weak,208,0.009166666666666667,0.01597222222222222,0.025138888888888888,0.25757575757575757,0.06806282722513089,0.6666666666666666,0.03597222222222223
scaled,0.0691,cross,employment,1.0,medium,201,0.010972222222222222,0.014027777777777778,0.025,0.17721518987341772,0.08290155440414508,0.5992010652463382,0.04180555555555555
scaled,0.0691,cross,employment,1.0,medium,202,0.013194444444444444,0.014305555555555556,0.0275,0.28421052631578947,0.0825242718446602,0.5647348951911221,0.04902777777777778
scaled,0.0691,cross,employment,1.0,medium,203,0.012638888888888889,0.01597222222222222,0.02861111111111111,0.3956043956043956,0.07407407407407407,0.5934861278648975,0.04680555555555555
scaled,0.0691,cross,employment,1.0,medium,204,0.0125,0.013194444444444444,0.025694444444444443,0.3,0.10945273631840796,0.6038216560509554,0.043194444444444445
scaled,0.0691,cross,employment,1.0,medium,205,0.012222222222222223,0.017638888888888888,0.029861111111111113,0.2840909090909091,0.049773755656108594,0.620817843866171,0.0425
scaled,0.0691,cross,employment,1.0,medium,206,0.012222222222222223,0.015277777777777777,0.0275,0.3181818181818182,0.04455445544554455,0.5952080706179067,0.04458333333333333
scaled,0.0691,cross,employment,1.0,medium,207,0.010416666666666666,0.015277777777777777,0.025694444444444443,0.21333333333333335,0.047619047619047616,0.6080206985769728,0.04208333333333334
scaled,0.0691,cross,employment,1.0,medium,208,0.012777777777777779,0.01638888888888889,0.029166666666666667,0.32608695652173914,0.06046511627906977,0.6115023474178404,0.04597222222222223
scaled,0.0691,cross,employment,1.0,strong,201,0.014583333333333334,0.01361111111111111,0.028194444444444446,0.3619047619047619,0.1278538812785388,0.582687338501292,0.04486111111111111
scaled,0.0691,cross,employment,1.0,strong,202,0.012083333333333333,0.015,0.027083333333333334,0.3218390804597701,0.08,0.5775535939470365,0.04652777777777778
scaled,0.0691,cross,employment,1.0,strong,203,0.014027777777777778,0.015,0.029027777777777777,0.31683168316831684,0.0963302752293578,0.587088915956151,0.04708333333333334
scaled,0.0691,cross,employment,1.0,strong,204,0.014722222222222222,0.01361111111111111,0.028333333333333332,0.36792452830188677,0.07109004739336493,0.5832305795314426,0.04694444444444445
scaled,0.0691,cross,employment,1.0,strong,205,0.01375,0.01611111111111111,0.029861111111111113,0.26262626262626265,0.12552301255230125,0.5855106888361045,0.04847222222222222
scaled,0.0691,cross,employment,1.0,strong,206,0.01361111111111111,0.015416666666666667,0.029027777777777777,0.25510204081632654,0.03827751196172249,0.5625,0.051527777777777777
scaled,0.0691,cross,employment,1.0,strong,207,0.014305555555555556,0.014861111111111111,0.029166666666666667,0.44660194174757284,0.0779816513761468,0.5845771144278606,0.046388888888888896
scaled,0.0691,cross,employment,1.0,strong,208,0.012916666666666667,0.01638888888888889,0.029305555555555557,0.43010752688172044,0.051643192488262914,0.5928074245939675,0.048749999999999995
scaled,0.0691,cross,combined,1.0,weak,201,0.021666666666666667,0.024166666666666666,0.04583333333333333,0.44871794871794873,0.030395136778115502,0.5892857142857143,0.044722222222222226
scaled,0.0691,cross,combined,1.0,weak,202,0.02388888888888889,0.028055555555555556,0.051944444444444446,0.5058139534883721,0.0136986301369863,0.5733496332518337,0.04847222222222222
scaled,0.0691,cross,combined,1.0,weak,203,0.021111111111111112,0.0275,0.04861111111111111,0.42105263157894735,0.04748603351955307,0.5820543093270366,0.049166666666666664
scaled,0.0691,cross,combined,1.0,weak,204,0.024027777777777776,0.02736111111111111,0.05138888888888889,0.4161849710982659,0.016574585635359115,0.6017587939698492,0.04402777777777778
scaled,0.0691,cross,combined,1.0,weak,205,0.022222222222222223,0.03,0.052222222222222225,0.46875,0.036939313984168866,0.6115107913669064,0.045000000000000005
scaled,0.0691,cross,combined,1.0,weak,206,0.023055555555555555,0.026944444444444444,0.05,0.5301204819277109,0.030985915492957747,0.5700712589073634,0.05027777777777778
scaled,0.0691,cross,combined,1.0,weak,207,0.021805555555555557,0.025,0.04680555555555556,0.43312101910828027,0.03003003003003003,0.5975,0.04472222222222222
scaled,0.0691,cross,combined,1.0,weak,208,0.025,0.029722222222222223,0.05472222222222222,0.5555555555555556,0.02544529262086514,0.5949656750572082,0.049166666666666664
scaled,0.0691,cross,combined,1.0,medium,201,0.02763888888888889,0.023194444444444445,0.050833333333333335,0.5577889447236181,0.06702412868632708,0.5480093676814989,0.05361111111111111
scaled,0.0691,cross,combined,1.0,medium,202,0.024444444444444446,0.02722222222222222,0.051666666666666666,0.4375,0.05026455026455026,0.5579450418160096,0.051388888888888894
scaled,0.0691,cross,combined,1.0,medium,203,0.02625,0.026805555555555555,0.05305555555555556,0.5238095238095238,0.059278350515463915,0.5573033707865168,0.05472222222222223
scaled,0.0691,cross,combined,1.0,medium,204,0.02625,0.026944444444444444,0.05319444444444445,0.43386243386243384,0.04145077720207254,0.5761904761904761,0.04944444444444445
scaled,0.0691,cross,combined,1.0,medium,205,0.0275,0.029166666666666667,0.056666666666666664,0.46464646464646464,0.05048076923076923,0.5643340857787811,0.05361111111111111
scaled,0.0691,cross,combined,1.0,medium,206,0.0275,0.026944444444444444,0.05444444444444444,0.4696969696969697,0.03626943005181347,0.521978021978022,0.060416666666666674
scaled,0.0691,cross,combined,1.0,medium,207,0.026111111111111113,0.024722222222222222,0.050833333333333335,0.4734042553191489,0.027624309392265192,0.562206572769953,0.051805555555555556
scaled,0.0691,cross,combined,1.0,medium,208,0.021527777777777778,0.029861111111111113,0.05138888888888889,0.3870967741935484,0.03183023872679045,0.6093567251461989,0.04638888888888889
scaled,0.0691,cross,combined,1.0,strong,201,0.02763888888888889,0.023333333333333334,0.050972222222222224,0.5175879396984925,0.10473815461346633,0.5510204081632653,0.05194444444444446
scaled,0.0691,cross,combined,1.0,strong,202,0.03208333333333333,0.026944444444444444,0.059027777777777776,0.5844155844155844,0.07640449438202247,0.5153172866520788,0.061527777777777785
scaled,0.0691,cross,combined,1.0,strong,203,0.030694444444444444,0.02666666666666667,0.05736111111111111,0.5882352941176471,0.08986175115207373,0.5426695842450766,0.05805555555555556
scaled,0.0691,cross,combined,1.0,strong,204,0.034444444444444444,0.025277777777777777,0.059722222222222225,0.6209677419354839,0.11853448275862069,0.5247524752475248,0.06
scaled,0.0691,cross,combined,1.0,strong,205,0.030416666666666668,0.028055555555555556,0.058472222222222224,0.5981735159817352,0.08333333333333333,0.5441657579062159,0.058055555555555555
scaled,0.0691,cross,combined,1.0,strong,206,0.03208333333333333,0.02638888888888889,0.058472222222222224,0.6147186147186147,0.06944444444444445,0.5196078431372549,0.061250000000000006
scaled,0.0691,cross,combined,1.0,strong,207,0.029305555555555557,0.025277777777777777,0.05458333333333333,0.5545023696682464,0.05665024630541872,0.5430839002267573,0.05597222222222222
scaled,0.0691,cross,combined,1.0,strong,208,0.03277777777777778,0.02847222222222222,0.06125,0.6228813559322034,0.09936575052854123,0.5530785562632696,0.058472222222222224
scaled,0.0691,sweep,combined,0.5,medium,301,0.01125,0.01597222222222222,0.02722222222222222,0.2716049382716049,0.026041666666666668,0.5932415519399249,0.045138888888888895
scaled,0.0691,sweep,combined,0.5,medium,302,0.01125,0.01375,0.025,0.24691358024691357,0.0111731843575419,0.5987951807228916,0.04624999999999999
scaled,0.0691,sweep,combined,0.5,medium,303,0.011527777777777777,0.015555555555555555,0.027083333333333334,0.21686746987951808,0.010362694300518135,0.6079900124843945,0.04361111111111111
scaled,0.0691,sweep,combined,0.5,medium,304,0.013888888888888888,0.014444444444444444,0.028333333333333332,0.37,0.0,0.5862944162436549,0.04527777777777778
scaled,0.0691,sweep,combined,0.5,medium,305,0.011944444444444445,0.014305555555555556,0.02625,0.29069767441860467,0.02631578947368421,0.6025316455696202,0.04361111111111111
scaled,0.0691,sweep,combined,0.5,medium,306,0.0125,0.01638888888888889,0.028888888888888888,0.3,0.024390243902439025,0.6227106227106227,0.042916666666666665
scaled,0.0691,sweep,combined,0.5,medium,307,0.010833333333333334,0.014583333333333334,0.025416666666666667,0.34615384615384615,0.016853932584269662,0.628719275549806,0.03986111111111112
scaled,0.0691,sweep,combined,0.5,medium,308,0.012361111111111111,0.012777777777777779,0.025138888888888888,0.2247191011235955,0.017045454545454544,0.5997490589711418,0.04430555555555556
scaled,0.0691,sweep,combined,1.0,medium,301,0.026805555555555555,0.026944444444444444,0.05375,0.5854922279792746,0.03116883116883117,0.5510440835266821,0.05375
scaled,0.0691,sweep,combined,1.0,medium,302,0.02875,0.025555555555555557,0.05430555555555556,0.4782608695652174,0.03674540682414698,0.555431131019037,0.0551388888888889
scaled,0.0691,sweep,combined,1.0,medium,303,0.025555555555555557,0.025416666666666667,0.050972222222222224,0.4782608695652174,0.05,0.5667060212514758,0.050972222222222224
scaled,0.0691,sweep,combined,1.0,medium,304,0.02652777777777778,0.02347222222222222,0.05,0.45549738219895286,0.016901408450704224,0.5677966101694916,0.04958333333333334
scaled,0.0691,sweep,combined,1.0,medium,305,0.025694444444444443,0.02388888888888889,0.04958333333333333,0.5621621621621622,0.07046070460704607,0.5528455284552846,0.05347222222222222
scaled,0.0691,sweep,combined,1.0,medium,306,0.026944444444444444,0.02763888888888889,0.05458333333333333,0.5567010309278351,0.02349869451697128,0.5759280089988752,0.052361111111111115
scaled,0.0691,sweep,combined,1.0,medium,307,0.024583333333333332,0.02763888888888889,0.052222222222222225,0.519774011299435,0.04,0.5840188014101058,0.049166666666666664
scaled,0.0691,sweep,combined,1.0,medium,308,0.02625,0.026805555555555555,0.05305555555555556,0.48148148148148145,0.034210526315789476,0.5549065420560748,0.052916666666666674
scaled,0.0691,sweep,combined,1.5,medium,301,0.04736111111111111,0.03722222222222222,0.08458333333333333,0.6744868035190615,0.10256410256410256,0.47540983606557374,0.07111111111111111
scaled,0.0691,sweep,combined,1.5,medium,302,0.049305555555555554,0.03847222222222222,0.08777777777777777,0.7070422535211267,0.095952023988006,0.485,0.07152777777777777
scaled,0.0691,sweep,combined,1.5,medium,303,0.04805555555555555,0.03666666666666667,0.08472222222222223,0.708092485549133,0.10185185185185185,0.4953940634595701,0.06847222222222223
scaled,0.0691,sweep,combined,1.5,medium,304,0.052222222222222225,0.035694444444444445,0.08791666666666667,0.7074468085106383,0.10662824207492795,0.4731958762886598,0.07097222222222221
scaled,0.0691,sweep,combined,1.5,medium,305,0.050416666666666665,0.035694444444444445,0.08611111111111111,0.7300275482093664,0.10391566265060241,0.47971602434077076,0.07125
scaled,0.0691,sweep,combined,1.5,medium,306,0.05444444444444444,0.03902777777777778,0.09347222222222222,0.7142857142857143,0.11643835616438356,0.4936708860759494,0.07222222222222223
scaled,0.0691,sweep,combined,1.5,medium,307,0.04958333333333333,0.04083333333333333,0.09041666666666667,0.6974789915966386,0.08272859216255443,0.49594320486815413,0.06902777777777779
scaled,0.0691,sweep,combined,1.5,medium,308,0.05138888888888889,0.03791666666666667,0.08930555555555555,0.754054054054054,0.08456973293768547,0.4780835881753313,0.07111111111111111
scaled,0.0691,sweep,combined,2.0,medium,301,0.06819444444444445,0.04583333333333333,0.11402777777777778,0.8268839103869654,0.15498938428874734,0.4297752808988764,0.08458333333333334
scaled,0.0691,sweep,combined,2.0,medium,302,0.07041666666666667,0.04736111111111111,0.11777777777777777,0.7928994082840237,0.14730290456431536,0.43474347434743477,0.08722222222222224
scaled,0.0691,sweep,combined,2.0,medium,303,0.07166666666666667,0.04680555555555556,0.11847222222222223,0.7965116279069767,0.1400208986415883,0.42857142857142855,0.08777777777777777
scaled,0.0691,sweep,combined,2.0,medium,304,0.07555555555555556,0.04583333333333333,0.1213888888888889,0.8308823529411765,0.15030060120240482,0.4252336448598131,0.08541666666666668
scaled,0.0691,sweep,combined,2.0,medium,305,0.06805555555555555,0.04694444444444444,0.115,0.8244897959183674,0.15498938428874734,0.4406779661016949,0.0825
scaled,0.0691,sweep,combined,2.0,medium,306,0.07305555555555555,0.05138888888888889,0.12444444444444444,0.8346007604562737,0.12525252525252525,0.4376083188908146,0.09013888888888888
scaled,0.0691,sweep,combined,2.0,medium,307,0.07319444444444445,0.051527777777777777,0.12472222222222222,0.8425047438330171,0.1432865731462926,0.43408071748878924,0.08763888888888889
scaled,0.0691,sweep,combined,2.0,medium,308,0.07236111111111111,0.04638888888888889,0.11875,0.8387715930902111,0.15305067218200621,0.42463235294117646,0.08694444444444444
scaled,0.0691,sweep,combined,2.5,medium,301,0.08194444444444444,0.051944444444444446,0.1338888888888889,0.8711864406779661,0.24898291293734745,0.4035714285714286,0.09277777777777775
scaled,0.0691,sweep,combined,2.5,medium,302,0.08263888888888889,0.05416666666666667,0.13680555555555557,0.865546218487395,0.25273865414710484,0.417910447761194,0.09208333333333331
scaled,0.0691,sweep,combined,2.5,medium,303,0.08125,0.05569444444444444,0.13694444444444445,0.841025641025641,0.2401921537229784,0.42152466367713004,0.08958333333333335
scaled,0.0691,sweep,combined,2.5,medium,304,0.08361111111111111,0.0525,0.1361111111111111,0.872093023255814,0.2142266335814723,0.4026905829596413,0.09250000000000001
scaled,0.0691,sweep,combined,2.5,medium,305,0.0798611111111111,0.05416666666666667,0.13402777777777777,0.8556521739130435,0.21150592216582065,0.4095744680851064,0.09250000000000001
scaled,0.0691,sweep,combined,2.5,medium,306,0.07902777777777778,0.05986111111111111,0.1388888888888889,0.8576449912126538,0.2224,0.4457193292144748,0.08722222222222221
scaled,0.0691,sweep,combined,2.5,medium,307,0.08222222222222222,0.058333333333333334,0.14055555555555554,0.8631756756756757,0.2239043824701195,0.4195804195804196,0.09222222222222222
scaled,0.0691,sweep,combined,2.5,medium,308,0.08180555555555556,0.05291666666666667,0.13472222222222222,0.8743633276740238,0.2345679012345679,0.4073741007194245,0.09152777777777778
scaled,0.0691,sweep,combined,3.0,medium,301,0.08458333333333333,0.05597222222222222,0.14055555555555554,0.8850574712643678,0.33807588075880757,0.3959435626102293,0.09513888888888888
scaled,0.0691,sweep,combined,3.0,medium,302,0.08902777777777778,0.06069444444444445,0.14972222222222223,0.8814352574102964,0.31282722513089006,0.4068669527896996,0.09597222222222222
scaled,0.0691,sweep,combined,3.0,medium,303,0.08541666666666667,0.05986111111111111,0.14527777777777778,0.8617886178861789,0.3339920948616601,0.4107773851590106,0.09263888888888888
scaled,0.0691,sweep,combined,3.0,medium,304,0.08777777777777777,0.05736111111111111,0.1451388888888889,0.870253164556962,0.2809388335704125,0.40195208518189884,0.09361111111111113
scaled,0.0691,sweep,combined,3.0,medium,305,0.08458333333333333,0.05875,0.14333333333333334,0.8768472906403941,0.31375259156876295,0.4020979020979021,0.09499999999999999
scaled,0.0691,sweep,combined,3.0,medium,306,0.08513888888888889,0.06444444444444444,0.14958333333333335,0.8727569331158238,0.3123759099933819,0.4284490145672665,0.0926388888888889
scaled,0.0691,sweep,combined,3.0,medium,307,0.08680555555555555,0.06152777777777778,0.14833333333333334,0.8896,0.32658393207054215,0.41161178509532065,0.09430555555555555
scaled,0.0691,sweep,combined,3.0,medium,308,0.08555555555555555,0.05611111111111111,0.14166666666666666,0.8782467532467533,0.33735747820254863,0.40355555555555556,0.09319444444444445
scaled,0.0691,sweep,combined,3.5,medium,301,0.08777777777777777,0.059444444444444446,0.14722222222222223,0.8829113924050633,0.42905027932960893,0.40161725067385445,0.09249999999999999
scaled,0.0691,sweep,combined,3.5,medium,302,0.08791666666666667,0.06416666666666666,0.15208333333333332,0.8862559241706162,0.3896551724137931,0.41878841088674273,0.09194444444444443
scaled,0.0691,sweep,combined,3.5,medium,303,0.08819444444444445,0.06180555555555556,0.15,0.8850393700787401,0.409373235460192,0.41333333333333333,0.09166666666666666
scaled,0.0691,sweep,combined,3.5,medium,304,0.08972222222222222,0.059722222222222225,0.14944444444444444,0.8839009287925697,0.376124775044991,0.4032114183764496,0.09291666666666666
scaled,0.0691,sweep,combined,3.5,medium,305,0.08736111111111111,0.06138888888888889,0.14875,0.8871224165341812,0.4035900405327157,0.40597539543058,0.0938888888888889
scaled,0.0691,sweep,combined,3.5,medium,306,0.08791666666666667,0.0675,0.15541666666666668,0.8799368088467614,0.3760092272202999,0.42918088737201365,0.09291666666666666
scaled,0.0691,sweep,combined,3.5,medium,307,0.09041666666666667,0.06416666666666666,0.15458333333333332,0.8755760368663594,0.3886039886039886,0.41201716738197425,0.09513888888888888
scaled,0.0691,sweep,combined,3.5,medium,308,0.09069444444444444,0.05986111111111111,0.15055555555555555,0.8989280245022971,0.4046937607326846,0.3951048951048951,0.09611111111111115
scaled,0.0691,sweep,combined,4.0,medium,301,0.08791666666666667,0.06055555555555556,0.14847222222222223,0.8894154818325435,0.48204350025290843,0.406563354603464,0.09041666666666665
scaled,0.0691,sweep,combined,4.0,medium,302,0.09097222222222222,0.0648611111111111,0.15583333333333332,0.8900763358778626,0.44754181449569186,0.41732283464566927,0.09250000000000001
scaled,0.0691,sweep,combined,4.0,medium,303,0.09194444444444444,0.0636111111111111,0.15555555555555556,0.8882175226586103,0.4596211365902293,0.4105902777777778,0.09430555555555557
scaled,0.0691,sweep,combined,4.0,medium,304,0.09194444444444444,0.06152777777777778,0.15347222222222223,0.8957703927492447,0.41345093715545755,0.3994708994708995,0.09458333333333335
scaled,0.0691,sweep,combined,4.0,medium,305,0.08986111111111111,0.0636111111111111,0.15347222222222223,0.8871715610510046,0.46616541353383456,0.4052401746724891,0.09458333333333334
scaled,0.0691,sweep,combined,4.0,medium,306,0.09097222222222222,0.06986111111111111,0.16083333333333333,0.8839694656488549,0.42295760082730094,0.43014394580863674,0.09347222222222222
scaled,0.0691,sweep,combined,4.0,medium,307,0.08902777777777778,0.06597222222222222,0.155,0.890795631825273,0.442656979761287,0.4226086956521739,0.09222222222222225
scaled,0.0691,sweep,combined,4.0,medium,308,0.0925,0.06138888888888889,0.15388888888888888,0.8993993993993994,0.4602933737986849,0.3987730061349693,0.09527777777777775
scaled,0.0691,sweep,combined,5.0,medium,301,0.0925,0.06236111111111111,0.15486111111111112,0.8873873873873874,0.5135869565217391,0.4015957446808511,0.09374999999999999
scaled,0.0691,sweep,combined,5.0,medium,302,0.09527777777777778,0.06736111111111111,0.1626388888888889,0.8702623906705539,0.4852741277752605,0.41396933560477,0.09555555555555556
scaled,0.0691,sweep,combined,5.0,medium,303,0.09472222222222222,0.06555555555555556,0.16027777777777777,0.8944281524926686,0.5002239140170175,0.4103448275862069,0.09499999999999999
scaled,0.0691,sweep,combined,5.0,medium,304,0.09430555555555556,0.06263888888888888,0.15694444444444444,0.8851251840942562,0.45263157894736844,0.39929947460595444,0.09527777777777778
scaled,0.0691,sweep,combined,5.0,medium,305,0.09305555555555556,0.06527777777777778,0.15833333333333333,0.8880597014925373,0.5031616982836495,0.4092093831450912,0.09444444444444444
scaled,0.0691,sweep,combined,5.0,medium,306,0.09458333333333334,0.07097222222222223,0.16555555555555557,0.895741556534508,0.4861359570661896,0.42725752508361203,0.0951388888888889
scaled,0.0691,sweep,combined,5.0,medium,307,0.09180555555555556,0.06736111111111111,0.15916666666666668,0.9046898638426626,0.49931911030413073,0.4225108225108225,0.09263888888888888
scaled,0.0691,sweep,combined,5.0,medium,308,0.09652777777777778,0.06347222222222222,0.16,0.8920863309352518,0.5080428954423593,0.3946459412780656,0.09736111111111112
scaled,0.0691,sweep,combined,6.0,medium,301,0.09277777777777778,0.0636111111111111,0.15638888888888888,0.8847305389221557,0.5219512195121951,0.40602836879432624,0.09305555555555554
scaled,0.0691,sweep,combined,6.0,medium,302,0.09625,0.06805555555555555,0.16430555555555557,0.8816738816738817,0.47714808043875684,0.41420118343195267,0.09625000000000002
scaled,0.0691,sweep,combined,6.0,medium,303,0.09680555555555556,0.06652777777777778,0.16333333333333333,0.9010043041606887,0.4968916518650089,0.4071246819338422,0.09708333333333331
scaled,0.0691,sweep,combined,6.0,medium,304,0.09402777777777778,0.06375,0.15777777777777777,0.880354505169867,0.45422885572139304,0.40369393139841686,0.09416666666666666
scaled,0.0691,sweep,combined,6.0,medium,305,0.09569444444444444,0.06583333333333333,0.16152777777777777,0.8925979680696662,0.5013309671694764,0.4070265638389032,0.09611111111111113
scaled,0.0691,sweep,combined,6.0,medium,306,0.09541666666666666,0.07138888888888889,0.16680555555555557,0.8893740902474527,0.4830357142857143,0.4279766860949209,0.09541666666666665
scaled,0.0691,sweep,combined,6.0,medium,307,0.09569444444444444,0.06791666666666667,0.16361111111111112,0.9042089985486212,0.5139664804469274,0.4156064461407973,0.09569444444444443
scaled,0.0691,sweep,combined,6.0,medium,308,0.09527777777777778,0.06430555555555556,0.15958333333333333,0.8965014577259475,0.5020463847203275,0.4019097222222222,0.09569444444444446
scaled,0.0691,sweep,baseline,0.0,medium,301,0.00375,0.008888888888888889,0.012638888888888889,0.14814814814814814,0.022222222222222223,0.592020592020592,0.04402777777777778
scaled,0.0691,sweep,baseline,0.0,medium,302,0.005833333333333334,0.007083333333333333,0.012916666666666667,0.16666666666666666,0.0,0.6328125,0.03916666666666667
scaled,0.0691,sweep,baseline,0.0,medium,303,0.005277777777777778,0.008611111111111111,0.013888888888888888,0.07894736842105263,0.0,0.6407506702412868,0.037222222222222226
scaled,0.0691,sweep,baseline,0.0,medium,304,0.005,0.007638888888888889,0.012638888888888889,0.1388888888888889,0.0,0.6058201058201058,0.04138888888888889
scaled,0.0691,sweep,baseline,0.0,medium,305,0.005694444444444445,0.0075,0.013194444444444444,0.0975609756097561,0.03125,0.5905612244897959,0.044583333333333336
scaled,0.0691,sweep,baseline,0.0,medium,306,0.0031944444444444446,0.009027777777777777,0.012222222222222223,0.17391304347826086,0.0,0.6443298969072165,0.03833333333333334
scaled,0.0691,sweep,baseline,0.0,medium,307,0.005277777777777778,0.008055555555555555,0.013333333333333334,0.15789473684210525,0.010526315789473684,0.6042446941323346,0.04402777777777778
scaled,0.0691,sweep,baseline,0.0,medium,308,0.005694444444444445,0.007222222222222222,0.012916666666666667,0.12195121951219512,0.011235955056179775,0.615485564304462,0.04069444444444444
