policy,metric,strong_minus_weak_policy_effect,ci95_half_width,interaction,seed,d_target_inflow_rate,d_target_social_cost,d_target_chain_share,d_coorigin_clustering
housing,d_target_inflow_rate,0.0008,0.0017,,,,,,
housing,d_target_social_cost,0.0124,0.0255,,,,,,
housing,d_target_chain_share,0.0175,0.1284,,,,,,
housing,d_coorigin_clustering,-0.001,0.0109,,,,,,
employment,d_target_inflow_rate,0.0012,0.0017,,,,,,
employment,d_target_social_cost,0.0058,0.0197,,,,,,
employment,d_target_chain_share,0.0593,0.0822,,,,,,
employment,d_coorigin_clustering,-0.0043,0.0123,,,,,,
combined,d_target_inflow_rate,0.0046,0.0016,,,,,,
combined,d_target_social_cost,-0.0117,0.0207,,,,,,
combined,d_target_chain_share,0.1145,0.0533,,,,,,
combined,d_coorigin_clustering,0.0134,0.0123,,,,,,
housing,,,,medium,201.0,0.0055555555555555,-0.0222780829864461,0.1340805313408053,-7.884781931405405e-05
employment,,,,medium,201.0,0.0056944444444444,-0.0598740904723248,0.1994266994266994,0.0007759657091347
combined,,,,medium,201.0,0.0176388888888888,-0.0871178617937317,0.4009469696969697,0.0281271371282698
housing,,,,medium,202.0,0.0052777777777777,-0.0820679016585953,0.1200980392156862,-0.0020271086580964
employment,,,,medium,202.0,0.0055555555555555,-0.0471467271247492,0.1144674085850556,-0.0049573092252975
combined,,,,medium,202.0,0.0188888888888888,-0.1266524491685908,0.3235294117647058,0.0286508178914373
housing,,,,medium,203.0,0.0076388888888888,-0.0086924317406178,0.0253968253968253,0.0008406417583984
employment,,,,medium,203.0,0.0063888888888888,0.0012132148968552,0.1365079365079365,0.0016873510883121
combined,,,,medium,203.0,0.0179166666666666,-0.0734061075270097,0.3289198606271777,0.0299638340568238
housing,,,,medium,204.0,0.0072222222222222,-0.0257951466348199,0.0785984848484848,-0.0030648890657609
employment,,,,medium,204.0,0.0037499999999999,-0.0383003679972432,0.0717029449423815,0.0011070171600354
combined,,,,medium,204.0,0.0197222222222222,-0.1125014034298261,0.2644183773216031,0.0387263491783152
housing,,,,medium,205.0,0.0054166666666666,-0.0553474476431557,0.091710758377425,0.0048630365658763
employment,,,,medium,205.0,0.0045833333333333,0.0045512811020789,0.1638095238095238,-0.0048544115909062
combined,,,,medium,205.0,0.0175,-0.0776394342473603,0.2619047619047619,0.029358095863441
housing,,,,medium,206.0,0.0069444444444444,-0.0169503095269188,0.1792717086834733,0.0041454844640567
employment,,,,medium,206.0,0.0079166666666666,-0.0647055705145024,0.248868778280543,0.004216284393383
combined,,,,medium,206.0,0.0198611111111111,-0.1036897889492994,0.4101030242605517,0.0450349986629789
housing,,,,medium,207.0,0.0059722222222222,-0.0758207728634513,0.2116402116402116,-0.0107917416238824
employment,,,,medium,207.0,0.00625,-0.1023240912221814,0.1203703703703703,-0.0021871341700251
combined,,,,medium,207.0,0.01875,-0.1636812196833063,0.3703703703703703,0.020816174277064
housing,,,,medium,208.0,0.0045833333333333,-0.0442529796594558,0.0647619047619047,0.0026002713913772
employment,,,,medium,208.0,0.0047222222222222,-0.035474784502931,0.1021303258145363,0.0078309298306719
combined,,,,medium,208.0,0.0180555555555555,-0.084222625682511,0.3291805094130675,0.0252853996718717
housing,,,,strong,201.0,0.0048611111111111,-0.0490144624880551,0.1061422413793103,0.0100194101000151
employment,,,,strong,201.0,0.0086111111111111,-0.0461363876451014,0.317165593027662,-0.0038480805774772
combined,,,,strong,201.0,0.0230555555555555,-0.1286841508024276,0.4680813439434129,0.0490084974606719
housing,,,,strong,202.0,0.0047222222222222,-0.0184230805158987,0.2275668073136427,-0.0063313316333254
employment,,,,strong,202.0,0.0066666666666666,-0.0403113551233619,0.1261648745519713,-0.0070300202364356
combined,,,,strong,202.0,0.0198611111111111,-0.1040294363558829,0.38451536643026,0.0355389485676221
housing,,,,strong,203.0,0.0083333333333333,-0.1002884175152504,0.1103896103896104,0.001380327229912
employment,,,,strong,203.0,0.0084722222222222,-0.0907892188237656,0.1757624398073836,0.0035609256115365
combined,,,,strong,203.0,0.0225,-0.1535053894814143,0.3496240601503759,0.044967417836425
housing,,,,strong,204.0,0.0065277777777777,-0.0449532928150148,0.034242910647405,0.0106609099249455
employment,,,,strong,204.0,0.0061111111111111,-0.0609561996089761,-0.0160575858250276,0.0122236395707238
combined,,,,strong,204.0,0.0208333333333333,-0.1515411988902671,0.2730654761904762,0.0467159910069628
housing,,,,strong,205.0,0.0040277777777777,-0.0225611284636029,-0.002102102102102,0.0176967135862541
employment,,,,strong,205.0,0.0052777777777777,-0.0414726263979135,0.0270414993306559,0.0026818914336361
combined,,,,strong,205.0,0.0194444444444444,-0.0969147598690716,0.233033033033033,0.0511935335350395
housing,,,,strong,206.0,0.0055555555555555,0.0197169664466357,-0.1568627450980391,-6.678843914428856e-05
employment,,,,strong,206.0,0.0075,-0.0007459223251932,-0.0505050505050505,-0.0043913995798297
combined,,,,strong,206.0,0.0223611111111111,-0.0903099741997386,0.2055016181229773,0.0621959532321659
housing,,,,strong,207.0,0.0063888888888888,-0.0228570652675832,0.252710027100271,-0.006427619357861
employment,,,,strong,207.0,0.0045833333333333,-0.0285131182587047,0.2185990338164251,-0.0144520236367695
combined,,,,strong,207.0,0.0163888888888888,-0.0705499395564944,0.3423520923520923,0.0111484435329112
housing,,,,strong,208.0,0.0056944444444444,-0.005836356178611,0.0461538461538461,-0.0028536591868555
employment,,,,strong,208.0,0.0052777777777777,0.0219790904916914,0.0409590409590409,0.0014231824106236
combined,,,,strong,208.0,0.0180555555555555,-0.0887921039475643,0.3195266272189349,0.0279880134161691
housing,,,,weak,201.0,0.0086111111111111,-0.0683820824318702,0.2823529411764706,0.0185525591419077
employment,,,,weak,201.0,0.0055555555555555,-0.0405498969867268,0.238095238095238,0.0079248441765748
combined,,,,weak,201.0,0.0181944444444444,-0.112406882349582,0.2987012987012987,0.0293294406780458
housing,,,,weak,202.0,0.0043055555555555,-0.0287957275714538,0.0103648424543946,0.0079754086865746
employment,,,,weak,202.0,0.0058333333333333,-0.0380539186644917,0.0277777777777777,0.0111613808962003
combined,,,,weak,202.0,0.0144444444444444,-0.0989279202956114,0.2325396825396825,0.0285474543324454
housing,,,,weak,203.0,0.0055555555555555,-0.0561903225161348,0.1124999999999999,0.0004330119069194
employment,,,,weak,203.0,0.0030555555555555,-0.0560161331000485,0.0362903225806451,-0.0015732926448472
combined,,,,weak,203.0,0.0165277777777777,-0.1155689906504071,0.2586477987421384,0.028822113784272
housing,,,,weak,204.0,0.0040277777777777,-0.0634908718596196,0.122152395915161,-0.0134395702882969
employment,,,,weak,204.0,0.0059722222222222,-0.0622795492913585,0.1153346328784925,-0.0098258338960964
combined,,,,weak,204.0,0.0155555555555555,-0.1122644973884052,0.2084210526315789,0.0137524421981538
housing,,,,weak,205.0,0.0038888888888888,-0.0035785743827304,-0.0603174603174603,0.0077612263383904
employment,,,,weak,205.0,0.00625,-0.0604135288859051,0.0285714285714285,0.0056477458831932
combined,,,,weak,205.0,0.0161111111111111,-0.0861817195966331,0.192809839167455,0.0373249729979419
housing,,,,weak,206.0,0.0045833333333333,-0.0247181118705159,0.0063492063492063,0.0006818699425777
employment,,,,weak,206.0,0.0072222222222222,-0.0181046707914486,-0.0536585365853658,0.0022983520430203
combined,,,,weak,206.0,0.0170833333333333,-0.0849296814460777,0.0810457516339869,0.0469866617115445
housing,,,,weak,207.0,0.0048611111111111,-0.0678884748665862,0.0405783582089552,0.0084437227792538
employment,,,,weak,207.0,0.0045833333333333,-0.0332211648612434,0.0447115384615384,0.0105409468449023
combined,,,,weak,207.0,0.0158333333333333,-0.1107175765052808,0.2898116438356164,0.0293699463146623
housing,,,,weak,208.0,0.0036111111111111,-0.0306430987706962,-0.0353892821031344,0.0019908818459866
employment,,,,weak,208.0,0.0041666666666666,-0.0250725168909606,-0.0723160242115323,-0.0019108982208787
combined,,,,weak,208.0,0.0116666666666666,-0.0693511653146051,0.097784288591833,0.0076195352015524
