stay_scale,policy_scale,seed,target_inflow_rate,target_social_cost,target_chain_share,coorigin_clustering
0.85,1.0,501,0.030555555555555555,-0.11333111069555878,0.4590909090909091,0.193032636493032
0.85,1.0,502,0.03,-0.097706416758497,0.4212962962962963,0.2058855833417728
0.85,1.0,503,0.03388888888888889,-0.15308423506411623,0.5655737704918032,0.23038632533918132
0.85,1.0,504,0.03236111111111111,-0.14732469485005362,0.5278969957081545,0.22423953894019633
1.0,1.0,501,0.021805555555555557,-0.08675549603800342,0.3821656050955414,0.1770302546196207
1.0,1.0,502,0.02388888888888889,-0.09835617267301872,0.4476744186046512,0.1881496354870968
1.0,1.0,503,0.021805555555555557,-0.11573632691428491,0.36942675159235666,0.19549383235257675
1.0,1.0,504,0.025,-0.13591980629404718,0.4777777777777778,0.20147525820718487
1.15,1.0,501,0.014861111111111111,-0.07906113074130518,0.27102803738317754,0.17806491450602435
1.15,1.0,502,0.013194444444444444,-0.09088515485811238,0.29473684210526313,0.1745256593643256
1.15,1.0,503,0.012638888888888889,-0.07713132084372909,0.18681318681318682,0.16894794931376808
1.15,1.0,504,0.016527777777777777,-0.10894607094181546,0.37815126050420167,0.1754842761869355
