rent_rejection_elasticity,policy,intensity,interaction,seed,target_inflow,target_housing_rejection,chain_share,final_rent
0.0,combined,2.0,medium,501,0.06375,0.4801980198019802,0.7320261437908496,0.7
0.0,combined,2.0,medium,502,0.06416666666666666,0.4767726161369193,0.7380952380952381,0.7
0.0,combined,2.0,medium,503,0.06833333333333333,0.4026666666666667,0.7682926829268293,0.7
0.0,combined,2.0,medium,504,0.06694444444444445,0.4419475655430712,0.7634854771784232,0.7
0.1,combined,2.0,medium,501,0.05986111111111111,0.43812233285917496,0.7262180974477959,0.991507947394062
0.1,combined,2.0,medium,502,0.059722222222222225,0.44992947813822287,0.7069767441860465,1.0151127445994446
0.1,combined,2.0,medium,503,0.06097222222222222,0.40059790732436473,0.724373576309795,0.9418315668262319
0.1,combined,2.0,medium,504,0.06680555555555556,0.3852573018080668,0.7650727650727651,0.9303993178467379
0.15,combined,2.0,medium,501,0.058472222222222224,0.4071207430340557,0.7149643705463183,1.205074225064919
0.15,combined,2.0,medium,502,0.05611111111111111,0.416796267496112,0.698019801980198,1.255152005253237
0.15,combined,2.0,medium,503,0.06263888888888888,0.35725429017160687,0.7117516629711752,1.1129679864280098
0.15,combined,2.0,medium,504,0.06347222222222222,0.3891336270190896,0.7024070021881839,1.1736439926209856
0.2,combined,2.0,medium,501,0.05291666666666667,0.3579136690647482,0.6902887139107612,1.344932534118432
0.2,combined,2.0,medium,502,0.058194444444444444,0.367003367003367,0.7040572792362768,1.4223567774022245
0.2,combined,2.0,medium,503,0.06194444444444445,0.32550335570469796,0.7309417040358744,1.2799809676702611
0.2,combined,2.0,medium,504,0.06180555555555556,0.3431372549019608,0.7168539325842697,1.3029760317185737
