shock,seed,move_rate,clustering,housing_rejection,social_utility_index,unfilled_jobs
baseline,401,0.0408888888888889,0.16184826783550857,0.027468986262815152,0.3380147110120246,0.2
baseline,402,0.039444444444444435,0.1576545286825032,0.06783618714733267,0.3373073009628315,0.26666666666666666
baseline,403,0.043000000000000003,0.1627456871637105,0.026472315124489037,0.3353332368910884,0.26666666666666666
baseline,404,0.03766666666666667,0.15788470160048085,0.025249925313863938,0.3392909057184974,0.13333333333333333
baseline,405,0.042555555555555555,0.1616770129989072,0.030939060939060944,0.3406466671415359,0.13333333333333333
baseline,406,0.04122222222222222,0.15891222877511418,0.03787859963298559,0.33476681918401546,0.13333333333333333
financial_crisis,401,0.043777777777777784,0.16524366849655733,0.03713702180521403,0.3417662816287612,0.2
financial_crisis,402,0.04611111111111111,0.16531719846786874,0.04817409487414567,0.34171154043663116,0.26666666666666666
financial_crisis,403,0.04633333333333333,0.15987667067813363,0.05178098999312183,0.3382254435561412,0.26666666666666666
financial_crisis,404,0.04066666666666666,0.1656168314556289,0.0355108680748067,0.34113583277569426,0.26666666666666666
financial_crisis,405,0.04811111111111112,0.15421124402858946,0.029156152489485825,0.3336633963423612,0.13333333333333333
financial_crisis,406,0.048444444444444436,0.15937227509747393,0.031162504887995088,0.33388367076735126,0.26666666666666666
labor_shortage,401,0.03588888888888888,0.1606652426765559,0.02890865173473869,0.33838047741541516,22.866666666666667
labor_shortage,402,0.03866666666666666,0.16411928912882193,0.05094690975805527,0.34360055187550276,20.466666666666665
labor_shortage,403,0.03766666666666667,0.1610956012466104,0.03552907318124709,0.3368891652418076,21.2
labor_shortage,404,0.034888888888888886,0.15743742344023837,0.029519849289670264,0.3378600181101873,21.333333333333332
labor_shortage,405,0.03911111111111111,0.16624111071489822,0.03589336589336589,0.3417062193322786,21.266666666666666
labor_shortage,406,0.04100000000000001,0.16258209308833585,0.02362855609232421,0.3393614609237123,21.933333333333334
pandemic,401,0.03866666666666666,0.16937161008798457,0.04584762272543382,0.34132944280085054,0.2
pandemic,402,0.041444444444444443,0.16388685247878107,0.05411689237228789,0.3393913388972349,0.26666666666666666
pandemic,403,0.042,0.1651306478580197,0.04342326272761055,0.3400707704827282,0.3333333333333333
pandemic,404,0.03677777777777778,0.1590504973287582,0.02418878618125105,0.3403922102044073,0.4
pandemic,405,0.04122222222222223,0.15553625711948715,0.041257122507122504,0.3366203531183699,0.13333333333333333
pandemic,406,0.040888888888888884,0.1569576734493375,0.033441289892902785,0.33266951832080954,0.3333333333333333
