threshold,scenario,seed,move_rate,clustering,peer_colocation,target_inflow,chain_share,target_social_cost,housing_rejection
0.2,baseline,501,0.03652777777777778,0.16511756771252617,0.16958333333333334,0.004166666666666667,0.0,0.027090066843417325,0.0
0.2,baseline,502,0.03472222222222222,0.16835529240249716,0.17479166666666668,0.0033333333333333335,0.08333333333333333,0.09882316178699994,0.0
0.2,baseline,503,0.03305555555555555,0.15615625969246838,0.17083333333333334,0.004166666666666667,0.06666666666666667,-0.04801025559580858,0.0
0.2,baseline,504,0.035416666666666666,0.16050416954764576,0.17770833333333333,0.004027777777777778,0.10344827586206896,-0.002707034676690664,0.0
0.2,combined,501,0.045138888888888895,0.17732269910818502,0.20375,0.019305555555555555,0.3381294964028777,-0.09527303487805396,0.07042253521126761
0.2,combined,502,0.046527777777777786,0.17413306892498065,0.19083333333333333,0.01875,0.362962962962963,-0.07026753970564098,0.08759124087591241
0.2,combined,503,0.05013888888888888,0.19171113383839555,0.208125,0.02388888888888889,0.38953488372093026,-0.11754651279025997,0.09195402298850575
0.2,combined,504,0.04777777777777778,0.20126350175766342,0.21583333333333332,0.024027777777777776,0.4046242774566474,-0.11975059033683608,0.0718562874251497
0.35,baseline,501,0.04416666666666667,0.1638102007128007,0.17145833333333332,0.005416666666666667,0.1282051282051282,-0.0030813169994638656,0.1
0.35,baseline,502,0.0375,0.16533647442664823,0.16375,0.004027777777777778,0.06896551724137931,-0.010195109235531592,0.0
0.35,baseline,503,0.03944444444444444,0.16391456859889006,0.168125,0.00375,0.14814814814814814,0.03099498460181463,0.0
0.35,baseline,504,0.04291666666666666,0.1626286819488618,0.17375,0.005694444444444445,0.12195121951219512,-0.03592882144311529,0.05128205128205128
0.35,combined,501,0.04944444444444444,0.1770302546196207,0.18208333333333335,0.021805555555555557,0.3821656050955414,-0.08675549603800342,0.16292134831460675
0.35,combined,502,0.049999999999999996,0.1881496354870968,0.20416666666666666,0.02388888888888889,0.4476744186046512,-0.09835617267301872,0.12643678160919541
0.35,combined,503,0.04958333333333333,0.19549383235257675,0.211875,0.021805555555555557,0.36942675159235666,-0.11573632691428491,0.0392156862745098
0.35,combined,504,0.04972222222222222,0.20147525820718487,0.22729166666666667,0.025,0.4777777777777778,-0.13591980629404718,0.09289617486338798
0.5,baseline,501,0.04944444444444444,0.16043068526155613,0.1675,0.0075,0.25925925925925924,-0.004702746089132441,0.021739130434782608
0.5,baseline,502,0.04458333333333333,0.1674491467737595,0.179375,0.00625,0.17777777777777778,-0.007860847156741175,0.0
0.5,baseline,503,0.0476388888888889,0.17059110657779877,0.17166666666666666,0.005138888888888889,0.13513513513513514,-0.02735438973828295,0.0
0.5,baseline,504,0.04694444444444445,0.16362786038993007,0.165,0.004861111111111111,0.14285714285714285,-0.008386098915508273,0.0
0.5,combined,501,0.05444444444444444,0.19721231776485296,0.22333333333333333,0.025,0.4222222222222222,-0.11823799276094463,0.19047619047619047
0.5,combined,502,0.056249999999999994,0.180743974816751,0.19791666666666666,0.02347222222222222,0.40828402366863903,-0.09566101623586502,0.16483516483516483
0.5,combined,503,0.05902777777777778,0.19986724299277103,0.22145833333333334,0.02652777777777778,0.45549738219895286,-0.1375999653926337,0.1380952380952381
0.5,combined,504,0.0601388888888889,0.2044627970001686,0.21645833333333334,0.027916666666666666,0.5024875621890548,-0.11793600542921634,0.15813953488372093
