state_fips,state_name,pop_total,pop_18_34,median_hh_income,median_gross_rent,median_rent_burden_pct,bachelors_plus_share,unemployment_rate,earn_median_all,earn_median_hs,earn_median_somecollege,earn_median_bachelors,earn_median_graduate,mobility_base_18_34,inmigrants_18_34,interstate_inflow_rate_18_34
1,Alabama,5054253,1129287,62027,963,29.4,0.2775513861604929,0.04816923279839472,45197,36273,41510,59318,72667,1129287,51641,0.045728853692639695
2,Alaska,733971,181846,89336,1388,28.2,0.3124227561625979,0.05752084169230083,56492,42584,53446,68158,90606,181846,14757,0.08115108388416573
4,Arizona,7268175,1681429,76872,1431,30.2,0.32610332196336617,0.05171992365673237,49333,39212,45811,65087,82033,1681429,98700,0.05870006999998216
5,Arkansas,3032651,675103,58773,914,27.6,0.2511137456642817,0.050942488575841896,42450,35652,39782,56594,72437,675103,28576,0.042328355821259864
6,California,39242785,9407442,96334,1956,32.5,0.365030575106571,0.06416915576353328,54437,40371,48785,78553,108925,9407442,242486,0.025775976083615502
8,Colorado,5810774,1438747,92470,1693,31.1,0.4472798792829279,0.044873658740102226,57768,43437,48510,71341,87477,1438747,121562,0.08449157496071234
9,Connecticut,3598348,781268,93760,1431,30.7,0.419449135026786,0.056463473625823976,60274,43792,49887,77594,97292,781268,44696,0.057209561891694016
10,Delaware,1005872,213380,82855,1341,29.6,0.3527747514927327,0.05053531164756153,52220,40051,46540,68099,85974,213380,14770,0.06921923329271722
11,District of Columbia,672079,212270,106287,1900,28.5,0.635636222507566,0.06483062156622806,88766,37830,50683,91863,121156,212270,37150,0.17501295519856785
12,Florida,21928881,4553112,71711,1564,34.5,0.332102946449149,0.04812181326966469,45117,35746,42105,58016,76018,4553112,203179,0.044624204280500894
13,Georgia,10822590,2517033,74664,1306,30.8,0.342049700402313,0.05121288267969028,48542,36928,42932,65369,82304,2517033,123326,0.04899657652482109
15,Hawaii,1445635,311313,98317,1938,33.1,0.35469669080966487,0.05029055882821207,52424,42206,48182,62033,83584,311313,24068,0.07731125908651422
16,Idaho,1893296,430965,74636,1150,28.4,0.31184286344578843,0.03678208102610282,45294,37452,41583,56280,76655,430965,37236,0.08640144791340364
17,Illinois,12692653,2868069,81702,1227,28.8,0.3718549192108079,0.0579674731957494,53922,39901,46495,71374,89635,2868069,111803,0.03898197707237867
18,Indiana,6811752,1548037,70051,1020,28.9,0.28800141425094705,0.0430483089995851,47844,39102,45401,60614,77245,1548037,71068,0.045908463428199715
19,Iowa,3195937,714753,73147,949,27.2,0.30863181834320963,0.03631526410778616,49543,40329,46344,61245,78533,714753,36860,0.05157026273411934
20,Kansas,2937569,675413,72639,1029,27.0,0.35155767904813184,0.03907355371573286,48974,38187,43855,61392,74279,675413,44524,0.06592114750530416
21,Kentucky,4510725,998462,62417,933,27.8,0.2699199553499058,0.04834242052433412,45133,36578,42028,59031,70200,998462,45371,0.045440888085876076
22,Louisiana,4621025,1044604,60023,1038,32.3,0.26550693287429256,0.0631626167250127,45559,36473,41389,59232,69261,1044604,31873,0.03051204092651378
23,Maine,1377400,275123,71773,1084,28.9,0.3534452062205522,0.03915699654891274,47897,39062,44888,56006,72350,275123,16219,0.05895181427943138
24,Maryland,6170738,1340442,101652,1662,30.6,0.42736365949083194,0.04938442779348181,63133,43729,53432,78607,103591,1340442,72972,0.05443875975238018
25,Massachusetts,6992395,1662509,101341,1687,30.5,0.4662498003287751,0.051424502084179126,64893,45266,51776,79390,100945,1662509,93165,0.0560387943764515
26,Michigan,10051595,2245020,71149,1084,29.8,0.31763462453706176,0.05810987736989916,48640,36821,43367,65476,83727,2245020,63439,0.02825765472022521
27,Minnesota,5713716,1248743,87556,1235,28.9,0.3882845553277795,0.039310918860551214,56740,41846,50221,71179,88364,1248743,54717,0.04381766304195499
28,Mississippi,2951438,659835,54915,923,30.3,0.24158629811328033,0.060070330505140636,41331,34315,38500,52657,64563,659835,27886,0.04226208067168307
29,Missouri,6168181,1377219,68920,996,27.9,0.3189689839693918,0.041170220790415116,47467,37463,43468,60310,74191,1377219,73578,0.053425054403112356
30,Montana,1105072,242049,69922,1031,28.0,0.3453899926655286,0.03756821455922282,45186,37052,40926,52922,70797,242049,20132,0.08317324178162273
31,Nebraska,1965926,444750,74985,1035,27.4,0.3411989558661227,0.029923021627257105,50133,39715,45807,60682,76879,444750,21047,0.04732321528948848
32,Nevada,3141000,704949,75561,1489,32.3,0.27384827790960353,0.06810001858376537,46606,39536,45642,60125,80626,704949,44830,0.06359325284524128
33,New Hampshire,1387834,297571,95628,1423,29.2,0.3981661121140839,0.033610284638151834,58184,46851,50808,70229,87088,297571,25223,0.08476296413292962
34,New Jersey,9267014,1965479,101050,1653,30.4,0.4291053718560445,0.06159646407393168,61736,41354,51081,80342,104865,1965479,76528,0.038936055790980216
35,New Mexico,2114768,476379,62125,1021,29.8,0.3020181268215898,0.05989058717938942,42621,33805,39656,54832,76187,476379,25169,0.05283398302611996
36,New York,19872319,4602367,84578,1576,30.9,0.3955021735281547,0.06196996668214951,56438,39815,48364,74096,93718,4602367,177480,0.038562765637768566
37,North Carolina,10584340,2415163,69904,1162,29.0,0.3472072389665937,0.04829474485532515,47176,36262,41750,61842,78340,2415163,142130,0.05884903006546556
38,North Dakota,779361,197172,75949,934,24.8,0.32284851782091295,0.02844950554965876,52208,42246,49140,60146,74416,197172,20872,0.10585681536932222
39,Ohio,11780046,2596663,69680,988,28.0,0.30949434124665903,0.04845838827164341,48922,38336,44564,65389,82588,2596663,90676,0.034920203353303834
40,Oklahoma,3995260,929153,63603,980,28.1,0.2778124615486546,0.049010858756236196,44967,36759,42232,56573,71642,929153,46590,0.050142441556987924
41,Oregon,4238714,955751,80426,1450,30.9,0.36223382246334834,0.05370140228606119,50487,38765,45335,65659,85864,955751,62357,0.06524398091134616
42,Pennsylvania,12986518,2852592,76081,1162,29.0,0.34494347626488203,0.05248147533047056,52040,39658,46357,66891,85906,2852592,128465,0.0450344809212113
44,Rhode Island,1095371,262097,86372,1273,29.0,0.37303945241820724,0.057050389365430186,55293,43381,49471,68556,90091,262097,21920,0.08363315871604787
45,South Carolina,5212774,1146980,66818,1126,30.5,0.31470645423438126,0.04954486097549912,45979,36455,42343,59863,71771,1146980,80328,0.07003435107848437
46,South Dakota,899194,197348,72421,912,25.3,0.31102078884551704,0.030030978789812833,47164,38858,44757,56873,70482,197348,13228,0.06702880191337131
47,Tennessee,6986082,1585987,67097,1122,29.2,0.3039207097318861,0.0473731825245324,46173,36838,42616,59726,74969,1585987,86818,0.05474067568019158
48,Texas,29640343,7142094,76292,1339,30.4,0.3307640866518774,0.05138052387322177,49558,37085,45712,68186,85393,7142094,255456,0.03576766141694579
49,Utah,3331187,872677,91750,1405,28.5,0.36920818098492125,0.03413769002977453,52135,41486,46262,63328,91952,872677,48426,0.05549132153133404
50,Vermont,645254,141753,78024,1193,30.3,0.4262866201867835,0.036606650612872174,51085,42261,45607,56774,74297,141753,15469,0.10912643824116597
51,Virginia,8657499,1977398,90974,1514,29.2,0.41477852931280274,0.04301306987008779,57509,40267,47585,74465,101373,1977398,130802,0.06614854470369648
53,Washington,7740984,1829373,94952,1682,29.7,0.3877051224527638,0.049843053180999936,59987,44683,51861,78782,104701,1829373,113893,0.062257943022008086
54,West Virginia,1784462,368148,57917,850,29.3,0.2328557629124442,0.05730287736359413,43838,36510,40495,55451,69280,368148,20208,0.05489096776296489
55,Wisconsin,5892023,1284040,75670,1045,26.9,0.32758344036723175,0.032886902998067964,51533,41003,47921,64443,78648,1284040,57554,0.044822591196535935
56,Wyoming,579761,125916,74815,968,27.2,0.2992030421942635,0.037427664423520385,49290,41135,44426,58411,73535,125916,12740,0.10117856348676896
