age,weighted_population,weighted_interstate_movers,unweighted_population,unweighted_interstate_movers,move_rate
18,1984453.0,89650.0,20949.0,1487.0,0.045176177012002806
19,1926402.0,99343.0,20745.0,1503.0,0.051569194799424005
20,1891447.0,60675.0,18593.0,813.0,0.032078614944008474
21,1874846.0,62336.0,17468.0,655.0,0.033248597484806755
22,1899336.0,88160.0,17048.0,853.0,0.04641622124784662
23,2008435.0,104894.0,17163.0,926.0,0.05222673375040766
24,1960233.0,105539.0,16842.0,887.0,0.0538400282007292
25,1972421.0,96942.0,17288.0,880.0,0.04914873650199425
26,1983682.0,89898.0,17492.0,778.0,0.045318755727984626
27,1983629.0,87698.0,17697.0,722.0,0.044210888225570406
28,2051579.0,82834.0,18212.0,719.0,0.040375730108370186
29,2042036.0,82769.0,18297.0,717.0,0.04053258610524006
30,2187257.0,70427.0,19093.0,629.0,0.03219877682412264
31,2111883.0,64463.0,19007.0,575.0,0.03052394474504506
32,2166069.0,61063.0,19639.0,574.0,0.02819069937291933
33,2185598.0,68198.0,19823.0,601.0,0.031203359446705204
34,2158685.0,53395.0,19832.0,493.0,0.024734965963074743
35,2162532.0,47894.0,19575.0,461.0,0.02214718672371091
