origin,destination,returns
CA,TX,44417
TX,CA,24970
CA,NY,20595
NY,CA,18440
CA,FL,20241
FL,CA,14113
CA,MA,6565
MA,CA,7767
CA,NC,9978
NC,CA,6470
CA,IL,9063
IL,CA,10407
CA,WA,24625
WA,CA,17871
TX,NY,9433
NY,TX,12961
TX,FL,20050
FL,TX,24196
TX,MA,3394
MA,TX,4218
TX,NC,8694
NC,TX,8387
TX,IL,8236
IL,TX,12078
TX,WA,9307
WA,TX,9863
NY,FL,43187
FL,NY,22011
NY,MA,10479
MA,NY,11027
NY,NC,13811
NC,NY,6906
NY,IL,4436
IL,NY,5325
NY,WA,3649
WA,NY,3513
FL,MA,8058
MA,FL,12159
FL,NC,20553
NC,FL,14530
FL,IL,9299
IL,FL,14834
FL,WA,5333
WA,FL,5661
MA,NC,3483
NC,MA,2213
NC,WA,2371
WA,NC,2464
IL,WA,2734
WA,IL,2158
